{
	"credit": "levnemcev",
	"parent": "item/handheld",
	"textures": {
		"layer0": "customization:item/hammer/disconnector"
	},
	"display": {
		"thirdperson_righthand": {
			"rotation": [0, -90, 55],
			"translation": [0, 5, 0.5],
			"scale": [1.9, 1.9, 0.85]
		},
		"thirdperson_lefthand": {
			"rotation": [0, 90, -55],
			"translation": [0, 5.25, 0.5],
			"scale": [1.9, 1.9, 0.85]
		},
		"firstperson_righthand": {
			"rotation": [0, -90, 25],
			"translation": [1.13, 3.45, 1.38],
			"scale": [1.3, 1.3, 0.45]
		},
		"firstperson_lefthand": {
			"rotation": [0, 90, -25],
			"translation": [1.13, 3.45, 1.38],
			"scale": [1.3, 1.3, 0.45]
		},
		"ground": {
			"translation": [0, 2.25, 0],
			"scale": [1.1, 1.1, 0.6]
		},
		"gui": {
			"translation": [1.5, 1.5, 0],
			"scale": [2.1, 2.1, 1]
		},
		"fixed": {
			"scale": [2.1, 2.1, 1]
		}
	}
}