{
	"credit": "levnemcev",
	"parent": "item/generated",
	"textures": {
		"layer0": "customization:item/nano_saber/blue_laser_sword"
	},
	"display": {
		"thirdperson_righthand": {
			"rotation": [-43.5, -90, 0],
			"translation": [0, 5.75, 2.5],
			"scale": [1.6, 1.6, 0.85]
		},
		"thirdperson_lefthand": {
			"rotation": [-43.5, 90, 0],
			"translation": [0, 5.75, 2.5],
			"scale": [1.6, 1.6, 0.85]
		},
		"firstperson_righthand": {
			"rotation": [0, -90, 25],
			"translation": [1.13, 4.45, 2.13],
			"scale": [1.5, 1.5, 0.68]
		},
		"firstperson_lefthand": {
			"rotation": [0, 90, -25],
			"translation": [1.13, 4.45, 2.13],
			"scale": [1.5, 1.5, 0.68]
		},
		"ground": {
			"translation": [0, 0.75, 0],
			"scale": [0.9, 0.9, 0.8]
		},
		"gui": {
			"translation": [0.25, 1, 0],
			"scale": [2, 2, 1.2]
		},
		"fixed": {
			"rotation": [0, -180, 0],
			"translation": [-0.25, -0.5, 0],
			"scale": [2, 2, 1]
		}
	}
}