{
	"credit": "levnemcev",
	"parent": "item/generated",
	"textures": {
		"layer0": "customization:item/nano_saber/red_laser_sword"
	},
	"display": {
		"thirdperson_righthand": {
			"rotation": [-43.5, -90, 0],
			"translation": [0, -1.5, -0.5],
			"scale": [3.2, 3.2, 0.85]
		},
		"thirdperson_lefthand": {
			"rotation": [-43.5, 90, 0],
			"translation": [0, -1.25, -0.5],
			"scale": [3.2, 3.2, 0.85]
		},
		"firstperson_righthand": {
			"rotation": [0, -90, 25],
			"translation": [1.13, 2.7, -0.62],
			"scale": [3, 3, 0.68]
		},
		"firstperson_lefthand": {
			"rotation": [0, 90, -25],
			"translation": [1.13, 2.7, -1.12],
			"scale": [3, 3, 0.68]
		},
		"ground": {
			"translation": [0, 0.75, 0],
			"scale": [1.2, 1.2, 0.8]
		},
		"gui": {
			"translation": [-0.5, 1, 0],
			"scale": [3, 3, 1.2]
		},
		"fixed": {
			"rotation": [0, -180, 0],
			"translation": [0.75, -0.5, 0],
			"scale": [2, 2, 1]
		}
	}
}