{
	"credit": "levnemcev",
	"texture_size": [32, 32],
	"textures": {
		"1": "customization:item/nano_saber/steampunk_saber",
		"particle": "customization:item/nano_saber/steampunk_saber"
	},
	"gui_light": "front",
	"elements": [
		{
			"from": [7, -3, 7],
			"to": [9, 4, 9],
			"rotation": {"angle": 0, "axis": "y", "origin": [16, -5, 16]},
			"faces": {
				"north": {"uv": [1, 0, 2, 3.5], "texture": "#1"},
				"east": {"uv": [2, 0, 3, 3.5], "texture": "#1"},
				"south": {"uv": [3, 0, 4, 3.5], "texture": "#1"},
				"west": {"uv": [1, 3.5, 2, 7], "texture": "#1"},
				"up": {"uv": [7.5, 1, 6.5, 0], "texture": "#1"},
				"down": {"uv": [7.5, 1, 6.5, 2], "texture": "#1"}
			}
		},
		{
			"from": [6.95, 1, 7.5],
			"to": [9.05, 3, 8.5],
			"rotation": {"angle": 0, "axis": "y", "origin": [16, -5, 16]},
			"faces": {
				"north": {"uv": [4, 7, 5, 8], "texture": "#1"},
				"east": {"uv": [0, 8.5, 0.5, 9.5], "texture": "#1"},
				"south": {"uv": [7, 4, 8, 5], "texture": "#1"},
				"west": {"uv": [0.5, 8.5, 1, 9.5], "texture": "#1"},
				"up": {"uv": [3, 9, 2, 8.5], "texture": "#1"},
				"down": {"uv": [9.5, 2, 8.5, 2.5], "texture": "#1"}
			}
		},
		{
			"from": [7.01, 3, 6],
			"to": [8.99, 4, 7],
			"rotation": {"angle": 22.5, "axis": "x", "origin": [8, 3, 7]},
			"faces": {
				"north": {"uv": [8, 3, 9, 3.5], "texture": "#1"},
				"east": {"uv": [10.5, 10, 11, 10.5], "texture": "#1"},
				"south": {"uv": [3.5, 8, 4.5, 8.5], "texture": "#1"},
				"west": {"uv": [10.5, 10.5, 11, 11], "texture": "#1"},
				"up": {"uv": [9, 4, 8, 3.5], "texture": "#1"},
				"down": {"uv": [9, 4, 8, 4.5], "texture": "#1"}
			}
		},
		{
			"from": [7.5, 3, 4],
			"to": [8.5, 4, 6],
			"rotation": {"angle": 22.5, "axis": "x", "origin": [8, 3, 7]},
			"faces": {
				"north": {"uv": [0.5, 11, 1, 11.5], "texture": "#1"},
				"east": {"uv": [6.5, 8, 7.5, 8.5], "texture": "#1"},
				"south": {"uv": [11, 0.5, 11.5, 1], "texture": "#1"},
				"west": {"uv": [8, 7, 9, 7.5], "texture": "#1"},
				"up": {"uv": [8, 9, 7.5, 8], "texture": "#1"},
				"down": {"uv": [8.5, 7.5, 8, 8.5], "texture": "#1"}
			}
		},
		{
			"from": [7.01, 3, 9],
			"to": [8.99, 4, 10],
			"rotation": {"angle": -22.5, "axis": "x", "origin": [8, 3, 9]},
			"faces": {
				"north": {"uv": [4.5, 8, 5.5, 8.5], "texture": "#1"},
				"east": {"uv": [0, 11, 0.5, 11.5], "texture": "#1"},
				"south": {"uv": [8, 4.5, 9, 5], "texture": "#1"},
				"west": {"uv": [11, 0, 11.5, 0.5], "texture": "#1"},
				"up": {"uv": [9, 5.5, 8, 5], "texture": "#1"},
				"down": {"uv": [9, 5.5, 8, 6], "texture": "#1"}
			}
		},
		{
			"from": [7, 4, 8],
			"to": [9, 9, 9],
			"rotation": {"angle": 0, "axis": "y", "origin": [16, 2, 16]},
			"faces": {
				"north": {"uv": [2, 3.5, 3, 6], "texture": "#1"},
				"east": {"uv": [2, 6, 2.5, 8.5], "texture": "#1"},
				"south": {"uv": [3, 3.5, 4, 6], "texture": "#1"},
				"west": {"uv": [2.5, 6, 3, 8.5], "texture": "#1"},
				"up": {"uv": [9, 0.5, 8, 0], "texture": "#1"},
				"down": {"uv": [9, 0.5, 8, 1], "texture": "#1"}
			}
		},
		{
			"from": [7.01, 9, 8],
			"to": [8.99, 10, 9],
			"rotation": {"angle": 22.5, "axis": "x", "origin": [9, 9, 8]},
			"faces": {
				"north": {"uv": [8.5, 2.5, 9.5, 3], "texture": "#1"},
				"east": {"uv": [4, 11, 4.5, 11.5], "texture": "#1"},
				"south": {"uv": [3.5, 8.5, 4.5, 9], "texture": "#1"},
				"west": {"uv": [11, 4, 11.5, 4.5], "texture": "#1"},
				"up": {"uv": [5.5, 9, 4.5, 8.5], "texture": "#1"},
				"down": {"uv": [6.5, 8.5, 5.5, 9], "texture": "#1"}
			}
		},
		{
			"from": [8, 4, 7],
			"to": [8, 21, 8],
			"rotation": {"angle": 0, "axis": "y", "origin": [16, 2, 16]},
			"faces": {
				"north": {"uv": [0, 0, 0, 8.5], "texture": "#1"},
				"east": {"uv": [0, 0, 0.5, 8.5], "texture": "#1"},
				"south": {"uv": [0, 0, 0, 8.5], "texture": "#1"},
				"west": {"uv": [0.5, 0, 1, 8.5], "texture": "#1"},
				"up": {"uv": [0, 0.5, 0, 0], "texture": "#1"},
				"down": {"uv": [0, 0, 0, 0.5], "texture": "#1"}
			}
		},
		{
			"from": [8, 16, 8],
			"to": [8, 22, 9],
			"rotation": {"angle": 0, "axis": "y", "origin": [16, 5, 16]},
			"faces": {
				"north": {"uv": [0, 0, 0, 3], "texture": "#1"},
				"east": {"uv": [5, 0, 5.5, 3], "texture": "#1"},
				"south": {"uv": [0, 0, 0, 3], "texture": "#1"},
				"west": {"uv": [5, 3, 5.5, 6], "texture": "#1"},
				"up": {"uv": [0, 0.5, 0, 0], "texture": "#1"},
				"down": {"uv": [0, 0, 0, 0.5], "texture": "#1"}
			}
		},
		{
			"from": [7.995, 21, 6.5864],
			"to": [8.005, 22, 8],
			"rotation": {"angle": -45, "axis": "x", "origin": [8, 22, 8]},
			"faces": {
				"north": {"uv": [0, 0, 0, 0.5], "texture": "#1"},
				"east": {"uv": [4.5, 11, 5, 11.5], "texture": "#1"},
				"south": {"uv": [0, 0, 0, 0.5], "texture": "#1"},
				"west": {"uv": [11, 4.5, 11.5, 5], "texture": "#1"},
				"up": {"uv": [0, 0.5, 0, 0], "texture": "#1"},
				"down": {"uv": [0, 0, 0, 0.5], "texture": "#1"}
			}
		},
		{
			"from": [7.5, 9, 8],
			"to": [8.5, 16, 9],
			"rotation": {"angle": 0, "axis": "y", "origin": [16.5, 9, 16]},
			"faces": {
				"north": {"uv": [4, 0, 4.5, 3.5], "texture": "#1"},
				"east": {"uv": [4, 3.5, 4.5, 7], "texture": "#1"},
				"south": {"uv": [4.5, 0, 5, 3.5], "texture": "#1"},
				"west": {"uv": [4.5, 3.5, 5, 7], "texture": "#1"},
				"up": {"uv": [10, 7.5, 9.5, 7], "texture": "#1"},
				"down": {"uv": [8, 9.5, 7.5, 10], "texture": "#1"}
			}
		},
		{
			"from": [7.5, -4, 7.5],
			"to": [8.5, -3, 8.5],
			"rotation": {"angle": 45, "axis": "x", "origin": [8, -3, 8.5]},
			"faces": {
				"north": {"uv": [9.5, 2, 10, 2.5], "texture": "#1"},
				"east": {"uv": [2.5, 9.5, 3, 10], "texture": "#1"},
				"south": {"uv": [9.5, 2.5, 10, 3], "texture": "#1"},
				"west": {"uv": [3, 9.5, 3.5, 10], "texture": "#1"},
				"up": {"uv": [10, 3.5, 9.5, 3], "texture": "#1"},
				"down": {"uv": [4, 9.5, 3.5, 10], "texture": "#1"}
			}
		},
		{
			"from": [7.501, -3.70711, 5.79289],
			"to": [8.499, -2.70711, 7.79289],
			"rotation": {"angle": 0, "axis": "y", "origin": [8, -3, 8.5]},
			"faces": {
				"north": {"uv": [9.5, 3.5, 10, 4], "texture": "#1"},
				"east": {"uv": [7, 5, 8, 5.5], "texture": "#1"},
				"south": {"uv": [4, 9.5, 4.5, 10], "texture": "#1"},
				"west": {"uv": [7, 5.5, 8, 6], "texture": "#1"},
				"up": {"uv": [7.5, 7, 7, 6], "texture": "#1"},
				"down": {"uv": [7.5, 7, 7, 8], "texture": "#1"}
			}
		},
		{
			"from": [7.35, -3.80711, 6.29289],
			"to": [8.6, -2.55711, 7.29289],
			"rotation": {"angle": 0, "axis": "y", "origin": [8, -3, 8.5]},
			"faces": {
				"north": {"uv": [2.5, 11, 3, 11.5], "texture": "#1"},
				"east": {"uv": [11, 2.5, 11.5, 3], "texture": "#1"},
				"south": {"uv": [3, 11, 3.5, 11.5], "texture": "#1"},
				"west": {"uv": [11, 3, 11.5, 3.5], "texture": "#1"},
				"up": {"uv": [4, 11.5, 3.5, 11], "texture": "#1"},
				"down": {"uv": [11.5, 3.5, 11, 4], "texture": "#1"}
			}
		},
		{
			"from": [7.501, -5.41421, 6.08579],
			"to": [8.499, -4.41421, 7.08579],
			"rotation": {"angle": 45, "axis": "x", "origin": [8, -3, 8.5]},
			"faces": {
				"north": {"uv": [9.5, 4, 10, 4.5], "texture": "#1"},
				"east": {"uv": [4.5, 9.5, 5, 10], "texture": "#1"},
				"south": {"uv": [9.5, 4.5, 10, 5], "texture": "#1"},
				"west": {"uv": [5, 9.5, 5.5, 10], "texture": "#1"},
				"up": {"uv": [10, 5.5, 9.5, 5], "texture": "#1"},
				"down": {"uv": [6, 9.5, 5.5, 10], "texture": "#1"}
			}
		},
		{
			"from": [7.5, -3, 5.08579],
			"to": [8.5, 2, 6.08579],
			"rotation": {"angle": 0, "axis": "y", "origin": [8, -3, 8.5]},
			"faces": {
				"north": {"uv": [5.5, 0, 6, 2.5], "texture": "#1"},
				"east": {"uv": [5.5, 2.5, 6, 5], "texture": "#1"},
				"south": {"uv": [5.5, 5, 6, 7.5], "texture": "#1"},
				"west": {"uv": [6, 0, 6.5, 2.5], "texture": "#1"},
				"up": {"uv": [10, 6, 9.5, 5.5], "texture": "#1"},
				"down": {"uv": [6.5, 9.5, 6, 10], "texture": "#1"}
			}
		},
		{
			"from": [7.375, -1, 4.96079],
			"to": [8.625, 0, 6.21079],
			"rotation": {"angle": 0, "axis": "y", "origin": [8, -3, 8.5]},
			"faces": {
				"north": {"uv": [1, 11, 1.5, 11.5], "texture": "#1"},
				"east": {"uv": [11, 1, 11.5, 1.5], "texture": "#1"},
				"south": {"uv": [1.5, 11, 2, 11.5], "texture": "#1"},
				"west": {"uv": [11, 1.5, 11.5, 2], "texture": "#1"},
				"up": {"uv": [2.5, 11.5, 2, 11], "texture": "#1"},
				"down": {"uv": [11.5, 2, 11, 2.5], "texture": "#1"}
			}
		},
		{
			"from": [7.501, -2.17157, 1.84315],
			"to": [8.499, -0.17157, 2.84315],
			"rotation": {"angle": 45, "axis": "x", "origin": [8, -4, 8.5]},
			"faces": {
				"north": {"uv": [7.5, 0, 8, 1], "texture": "#1"},
				"east": {"uv": [7.5, 1, 8, 2], "texture": "#1"},
				"south": {"uv": [7.5, 2, 8, 3], "texture": "#1"},
				"west": {"uv": [7.5, 3, 8, 4], "texture": "#1"},
				"up": {"uv": [10, 6.5, 9.5, 6], "texture": "#1"},
				"down": {"uv": [7, 9.5, 6.5, 10], "texture": "#1"}
			}
		},
		{
			"from": [7.5, 2.41421, 6.5],
			"to": [8.5, 3.41421, 8.5],
			"rotation": {"angle": 0, "axis": "y", "origin": [8, -4, 8.5]},
			"faces": {
				"north": {"uv": [9.5, 6.5, 10, 7], "texture": "#1"},
				"east": {"uv": [7.5, 6, 8.5, 6.5], "texture": "#1"},
				"south": {"uv": [7, 9.5, 7.5, 10], "texture": "#1"},
				"west": {"uv": [7.5, 6.5, 8.5, 7], "texture": "#1"},
				"up": {"uv": [6, 8.5, 5.5, 7.5], "texture": "#1"},
				"down": {"uv": [8, 7, 7.5, 8], "texture": "#1"}
			}
		},
		{
			"from": [7.5, 3.75, 8.5],
			"to": [8.5, 4.75, 9.5],
			"rotation": {"angle": 0, "axis": "y", "origin": [8.5, 5.75, 8.5]},
			"faces": {
				"north": {"uv": [3, 10, 3.5, 10.5], "texture": "#1"},
				"east": {"uv": [10, 3, 10.5, 3.5], "texture": "#1"},
				"south": {"uv": [3.5, 10, 4, 10.5], "texture": "#1"},
				"west": {"uv": [10, 3.5, 10.5, 4], "texture": "#1"},
				"up": {"uv": [4.5, 10.5, 4, 10], "texture": "#1"},
				"down": {"uv": [10.5, 4, 10, 4.5], "texture": "#1"}
			}
		},
		{
			"from": [7.5, 6.75, 8.5],
			"to": [8.5, 7.75, 9.5],
			"rotation": {"angle": 0, "axis": "y", "origin": [8.5, 5.75, 8.5]},
			"faces": {
				"north": {"uv": [4.5, 10, 5, 10.5], "texture": "#1"},
				"east": {"uv": [10, 4.5, 10.5, 5], "texture": "#1"},
				"south": {"uv": [5, 10, 5.5, 10.5], "texture": "#1"},
				"west": {"uv": [10, 5, 10.5, 5.5], "texture": "#1"},
				"up": {"uv": [6, 10.5, 5.5, 10], "texture": "#1"},
				"down": {"uv": [10.5, 5.5, 10, 6], "texture": "#1"}
			}
		},
		{
			"from": [7.5, 6, 10.5],
			"to": [8.5, 7, 11.5],
			"rotation": {"angle": 0, "axis": "y", "origin": [8.5, 5.75, 8.5]},
			"faces": {
				"north": {"uv": [0, 10, 0.5, 10.5], "texture": "#1"},
				"east": {"uv": [10, 0, 10.5, 0.5], "texture": "#1"},
				"south": {"uv": [0.5, 10, 1, 10.5], "texture": "#1"},
				"west": {"uv": [10, 0.5, 10.5, 1], "texture": "#1"},
				"up": {"uv": [1.5, 10.5, 1, 10], "texture": "#1"},
				"down": {"uv": [10.5, 1, 10, 1.5], "texture": "#1"}
			}
		},
		{
			"from": [7.5, 4.5, 10.5],
			"to": [8.5, 5.5, 11.5],
			"rotation": {"angle": 0, "axis": "y", "origin": [8.5, 5.75, 8.5]},
			"faces": {
				"north": {"uv": [6, 10, 6.5, 10.5], "texture": "#1"},
				"east": {"uv": [10, 6, 10.5, 6.5], "texture": "#1"},
				"south": {"uv": [6.5, 10, 7, 10.5], "texture": "#1"},
				"west": {"uv": [10, 6.5, 10.5, 7], "texture": "#1"},
				"up": {"uv": [7.5, 10.5, 7, 10], "texture": "#1"},
				"down": {"uv": [10.5, 7, 10, 7.5], "texture": "#1"}
			}
		},
		{
			"from": [7.5, 7.75, 8.75],
			"to": [8.5, 8.75, 9.75],
			"rotation": {"angle": 0, "axis": "y", "origin": [8.5, 5.75, 8.5]},
			"faces": {
				"north": {"uv": [7.5, 10, 8, 10.5], "texture": "#1"},
				"east": {"uv": [10, 7.5, 10.5, 8], "texture": "#1"},
				"south": {"uv": [8, 10, 8.5, 10.5], "texture": "#1"},
				"west": {"uv": [10, 8, 10.5, 8.5], "texture": "#1"},
				"up": {"uv": [9, 10.5, 8.5, 10], "texture": "#1"},
				"down": {"uv": [10.5, 8.5, 10, 9], "texture": "#1"}
			}
		},
		{
			"from": [7.5, 2.75, 8.75],
			"to": [8.5, 3.75, 9.75],
			"rotation": {"angle": 0, "axis": "y", "origin": [8.5, 5.75, 8.5]},
			"faces": {
				"north": {"uv": [9, 10, 9.5, 10.5], "texture": "#1"},
				"east": {"uv": [10, 9, 10.5, 9.5], "texture": "#1"},
				"south": {"uv": [9.5, 10, 10, 10.5], "texture": "#1"},
				"west": {"uv": [10, 9.5, 10.5, 10], "texture": "#1"},
				"up": {"uv": [10.5, 10.5, 10, 10], "texture": "#1"},
				"down": {"uv": [0.5, 10.5, 0, 11], "texture": "#1"}
			}
		},
		{
			"from": [7.5, 5.25, 10.82843],
			"to": [8.5, 6.25, 11.82843],
			"rotation": {"angle": -45, "axis": "x", "origin": [8.5, 5.75, 8.5]},
			"faces": {
				"north": {"uv": [9.5, 8, 10, 8.5], "texture": "#1"},
				"east": {"uv": [8.5, 9.5, 9, 10], "texture": "#1"},
				"south": {"uv": [9.5, 8.5, 10, 9], "texture": "#1"},
				"west": {"uv": [9, 9.5, 9.5, 10], "texture": "#1"},
				"up": {"uv": [10, 9.5, 9.5, 9], "texture": "#1"},
				"down": {"uv": [10, 9.5, 9.5, 10], "texture": "#1"}
			}
		},
		{
			"from": [7.5, 2.42157, 8],
			"to": [8.5, 3.42157, 9],
			"rotation": {"angle": -45, "axis": "x", "origin": [8.5, 5.75, 8.5]},
			"faces": {
				"north": {"uv": [1.5, 10, 2, 10.5], "texture": "#1"},
				"east": {"uv": [10, 1.5, 10.5, 2], "texture": "#1"},
				"south": {"uv": [2, 10, 2.5, 10.5], "texture": "#1"},
				"west": {"uv": [10, 2, 10.5, 2.5], "texture": "#1"},
				"up": {"uv": [3, 10.5, 2.5, 10], "texture": "#1"},
				"down": {"uv": [10.5, 2.5, 10, 3], "texture": "#1"}
			}
		},
		{
			"from": [7.5, 3.75, 9.5],
			"to": [8.5, 7.75, 10.5],
			"rotation": {"angle": 0, "axis": "y", "origin": [8.5, 5.75, 8.5]},
			"faces": {
				"north": {"uv": [5, 6, 5.5, 8], "texture": "#1"},
				"east": {"uv": [6.5, 2, 7, 4], "texture": "#1"},
				"south": {"uv": [6.5, 4, 7, 6], "texture": "#1"},
				"west": {"uv": [6, 6.5, 6.5, 8.5], "texture": "#1"},
				"up": {"uv": [10, 8, 9.5, 7.5], "texture": "#1"},
				"down": {"uv": [8.5, 9.5, 8, 10], "texture": "#1"}
			}
		}
	],
	"display": {
		"thirdperson_righthand": {
			"translation": [0, 6, 1.5]
		},
		"thirdperson_lefthand": {
			"translation": [0, 6, 1.5]
		},
		"firstperson_righthand": {
			"translation": [1.5, 5, 0]
		},
		"firstperson_lefthand": {
			"translation": [1.5, 5, 0]
		},
		"ground": {
			"rotation": [0, 0, 90],
			"translation": [0, -2.75, 0]
		},
		"gui": {
			"rotation": [135.14, 35.24, -124.52]
		},
		"fixed": {
			"rotation": [135.14, 35.24, -124.52]
		}
	},
	"groups": [
		0,
		1,
		2,
		3,
		4,
		5,
		6,
		7,
		8,
		9,
		10,
		{
			"name": "group",
			"origin": [0, 0, 0],
			"color": 0,
			"children": [
				11,
				{
					"name": "group",
					"origin": [0, 0, 0],
					"color": 0,
					"children": [12, 13]
				}
			]
		},
		{
			"name": "group",
			"origin": [0, 0, 0],
			"color": 0,
			"children": [14]
		},
		{
			"name": "group",
			"origin": [0, 0, 0],
			"color": 0,
			"children": [15, 16, 17, 18]
		},
		{
			"name": "1",
			"origin": [0, 0, 0],
			"color": 0,
			"children": [19, 20, 21, 22, 23, 24, 25, 26, 27]
		}
	]
}