{
	"credit": "levnemcev",
	"texture_size": [32, 32],
	"textures": {
		"1": "customization:item/nano_saber/uranium"
	},
	"elements": [
		{
			"from": [7.25, -1, 7.25],
			"to": [8.75, 4, 8.75],
			"rotation": {"angle": 0, "axis": "y", "origin": [16, -5, 16]},
			"faces": {
				"north": {"uv": [6, 0, 7, 2.5], "texture": "#1"},
				"east": {"uv": [6, 2.5, 7, 5], "texture": "#1"},
				"south": {"uv": [3, 6, 4, 8.5], "texture": "#1"},
				"west": {"uv": [4, 6, 5, 8.5], "texture": "#1"},
				"up": {"uv": [8.5, 2.5, 7.5, 1.5], "texture": "#1"},
				"down": {"uv": [8.5, 2.5, 7.5, 3.5], "texture": "#1"}
			}
		},
		{
			"from": [7, 3, 7],
			"to": [9, 4, 9],
			"rotation": {"angle": 0, "axis": "y", "origin": [16, -5, 16]},
			"faces": {
				"north": {"uv": [4.5, 8.5, 5.5, 9], "texture": "#1"},
				"east": {"uv": [8.5, 4.5, 9.5, 5], "texture": "#1"},
				"south": {"uv": [8.5, 5, 9.5, 5.5], "texture": "#1"},
				"west": {"uv": [8.5, 5.5, 9.5, 6], "texture": "#1"},
				"up": {"uv": [8.5, 4.5, 7.5, 3.5], "texture": "#1"},
				"down": {"uv": [8.5, 4.5, 7.5, 5.5], "texture": "#1"}
			}
		},
		{
			"from": [7, 6, 7.5],
			"to": [9, 9, 9.5],
			"rotation": {"angle": 0, "axis": "y", "origin": [16, -2, 16.5]},
			"faces": {
				"north": {"uv": [5, 6, 6, 7.5], "texture": "#1"},
				"east": {"uv": [6, 5, 7, 6.5], "texture": "#1"},
				"south": {"uv": [6, 6.5, 7, 8], "texture": "#1"},
				"west": {"uv": [7, 0, 8, 1.5], "texture": "#1"},
				"up": {"uv": [6, 8.5, 5, 7.5], "texture": "#1"},
				"down": {"uv": [8.5, 5.5, 7.5, 6.5], "texture": "#1"}
			}
		},
		{
			"from": [8, 6, 8.5],
			"to": [8, 12, 10.5],
			"rotation": {"angle": 0, "axis": "y", "origin": [16, -2, 16.5]},
			"faces": {
				"north": {"uv": [0, 0, 0, 3], "texture": "#1"},
				"east": {"uv": [3, 0, 4, 3], "texture": "#1"},
				"south": {"uv": [0, 0, 0, 3], "texture": "#1"},
				"west": {"uv": [3, 3, 4, 6], "texture": "#1"},
				"up": {"uv": [0, 1, 0, 0], "texture": "#1"},
				"down": {"uv": [0, 0, 0, 1], "texture": "#1"}
			}
		},
		{
			"from": [7, -3, 7],
			"to": [9, -1, 9],
			"rotation": {"angle": 0, "axis": "y", "origin": [16, -10.75, 16]},
			"faces": {
				"north": {"uv": [7.5, 6.5, 8.5, 7.5], "texture": "#1"},
				"east": {"uv": [7, 7.5, 8, 8.5], "texture": "#1"},
				"south": {"uv": [8, 0, 9, 1], "texture": "#1"},
				"west": {"uv": [6, 8, 7, 9], "texture": "#1"},
				"up": {"uv": [9, 8.5, 8, 7.5], "texture": "#1"},
				"down": {"uv": [1, 8.5, 0, 9.5], "texture": "#1"}
			}
		},
		{
			"from": [8.01, 3, 5],
			"to": [8.01, 4, 7],
			"rotation": {"angle": 22.5, "axis": "x", "origin": [8, 3, 7]},
			"faces": {
				"north": {"uv": [0, 0, 0, 0.5], "texture": "#1"},
				"east": {"uv": [8.5, 6, 9.5, 6.5], "texture": "#1"},
				"south": {"uv": [0, 0, 0, 0.5], "texture": "#1"},
				"west": {"uv": [8.5, 6.5, 9.5, 7], "texture": "#1"},
				"up": {"uv": [0, 1, 0, 0], "texture": "#1"},
				"down": {"uv": [0, 0, 0, 1], "texture": "#1"}
			}
		},
		{
			"from": [8.01, 3, 9],
			"to": [8.01, 4, 11],
			"rotation": {"angle": -22.5, "axis": "x", "origin": [8, 3, 9]},
			"faces": {
				"north": {"uv": [0, 0, 0, 0.5], "texture": "#1"},
				"east": {"uv": [7, 8.5, 8, 9], "texture": "#1"},
				"south": {"uv": [0, 0, 0, 0.5], "texture": "#1"},
				"west": {"uv": [8.5, 7, 9.5, 7.5], "texture": "#1"},
				"up": {"uv": [0, 1, 0, 0], "texture": "#1"},
				"down": {"uv": [0, 0, 0, 1], "texture": "#1"}
			}
		},
		{
			"from": [8, 4, 7],
			"to": [8, 21, 8],
			"rotation": {"angle": 0, "axis": "y", "origin": [16, 2, 16]},
			"faces": {
				"north": {"uv": [0, 0, 0, 8.5], "texture": "#1"},
				"east": {"uv": [0, 0, 0.5, 8.5], "texture": "#1"},
				"south": {"uv": [0, 0, 0, 8.5], "texture": "#1"},
				"west": {"uv": [0.5, 0, 1, 8.5], "texture": "#1"},
				"up": {"uv": [0, 0.5, 0, 0], "texture": "#1"},
				"down": {"uv": [0, 0, 0, 0.5], "texture": "#1"}
			}
		},
		{
			"from": [7.5, 4, 8],
			"to": [8.5, 16, 9],
			"rotation": {"angle": 0, "axis": "y", "origin": [16.5, 9, 16]},
			"faces": {
				"north": {"uv": [4, 0, 4.5, 6], "texture": "#1"},
				"east": {"uv": [4.5, 0, 5, 6], "texture": "#1"},
				"south": {"uv": [5, 0, 5.5, 6], "texture": "#1"},
				"west": {"uv": [5.5, 0, 6, 6], "texture": "#1"},
				"up": {"uv": [6, 9, 5.5, 8.5], "texture": "#1"},
				"down": {"uv": [8.5, 8.5, 8, 9], "texture": "#1"}
			}
		},
		{
			"from": [8, 16, 8],
			"to": [8, 22, 9],
			"rotation": {"angle": 0, "axis": "y", "origin": [16, 5, 16]},
			"faces": {
				"north": {"uv": [0, 0, 0, 3], "texture": "#1"},
				"east": {"uv": [7, 1.5, 7.5, 4.5], "texture": "#1"},
				"south": {"uv": [0, 0, 0, 3], "texture": "#1"},
				"west": {"uv": [7, 4.5, 7.5, 7.5], "texture": "#1"},
				"up": {"uv": [0, 0.5, 0, 0], "texture": "#1"},
				"down": {"uv": [0, 0, 0, 0.5], "texture": "#1"}
			}
		},
		{
			"from": [7.995, 21, 6.5864],
			"to": [8.005, 22, 8],
			"rotation": {"angle": -45, "axis": "x", "origin": [8, 22, 8]},
			"faces": {
				"north": {"uv": [1.5, 9, 2, 9.5], "texture": "#1"},
				"east": {"uv": [9, 1.5, 9.5, 2], "texture": "#1"},
				"south": {"uv": [2, 9, 2.5, 9.5], "texture": "#1"},
				"west": {"uv": [9, 2, 9.5, 2.5], "texture": "#1"},
				"up": {"uv": [9.5, 3, 9, 2.5], "texture": "#1"},
				"down": {"uv": [9.5, 3, 9, 3.5], "texture": "#1"}
			}
		},
		{
			"from": [7.249, -0.5, 7.5],
			"to": [7.249, 2.5, 8.5],
			"rotation": {"angle": 0, "axis": "y", "origin": [7.25, 0, 7]},
			"faces": {
				"north": {"uv": [0, 0, 0, 1.5], "texture": "#1"},
				"east": {"uv": [3, 8.5, 3.5, 10], "texture": "#1"},
				"south": {"uv": [0, 0, 0, 1.5], "texture": "#1"},
				"west": {"uv": [8.5, 3, 9, 4.5], "texture": "#1"},
				"up": {"uv": [0, 0.5, 0, 0], "texture": "#1"},
				"down": {"uv": [0, 0, 0, 0.5], "texture": "#1"}
			}
		},
		{
			"from": [8.751, -0.5, 7.5],
			"to": [8.751, 2.5, 8.5],
			"rotation": {"angle": 0, "axis": "y", "origin": [8.75, 0, 7]},
			"faces": {
				"north": {"uv": [0, 0, 0, 1.5], "texture": "#1"},
				"east": {"uv": [3.5, 8.5, 4, 10], "texture": "#1"},
				"south": {"uv": [0, 0, 0, 1.5], "texture": "#1"},
				"west": {"uv": [4, 8.5, 4.5, 10], "texture": "#1"},
				"up": {"uv": [0, 0.5, 0, 0], "texture": "#1"},
				"down": {"uv": [0, 0, 0, 0.5], "texture": "#1"}
			}
		}
	],
	"gui_light": "front",
	"display": {
		"thirdperson_righthand": {
			"translation": [0, 5.25, 1.25]
		},
		"thirdperson_lefthand": {
			"translation": [0, 5.25, 1.25]
		},
		"firstperson_righthand": {
			"translation": [1.5, 3.5, 0]
		},
		"firstperson_lefthand": {
			"translation": [1.5, 3.5, 0]
		},
		"ground": {
			"rotation": [0, 0, 90],
			"translation": [0, -2.75, 0]
		},
		"gui": {
			"rotation": [135.14, 35.24, -124.52]
		},
		"fixed": {
			"rotation": [135.14, 35.24, -124.52],
			"translation": [-1, -0.75, 0]
		}
	},
	"groups": [
		0,
		1,
		2,
		3,
		4,
		5,
		6,
		7,
		8,
		9,
		{
			"name": "group",
			"origin": [16, 5.5, 16.5],
			"color": 0,
			"children": []
		},
		10,
		11,
		12
	]
}