{
	"credit": "levnemcev",
	"texture_size": [32, 32],
	"textures": {
		"2": "customization:item/drill/steampunk_1",
		"3": "customization:item/drill/steampunk_0",
		"particle": "customization:item/drill/steampunk_0"
	},
	"gui_light": "front",
	"elements": [
		{
			"from": [5.5, 2, 8],
			"to": [10.5, 7, 14],
			"rotation": {"angle": 0, "axis": "y", "origin": [0, 0, 20]},
			"faces": {
				"north": {"uv": [5.5, 6, 8, 8.5], "texture": "#3"},
				"east": {"uv": [0, 6, 3, 8.5], "texture": "#3"},
				"south": {"uv": [8, 5.5, 10.5, 8], "texture": "#3"},
				"west": {"uv": [6, 0, 9, 2.5], "texture": "#3"},
				"up": {"uv": [8.5, 5.5, 6, 2.5], "texture": "#3"},
				"down": {"uv": [5.5, 6, 3, 9], "texture": "#3"}
			}
		},
		{
			"from": [5, 1.5, 8.5],
			"to": [11, 7.5, 9.5],
			"rotation": {"angle": 0, "axis": "y", "origin": [0, 0, 20]},
			"faces": {
				"north": {"uv": [0, 0, 3, 3], "texture": "#3"},
				"east": {"uv": [5, 11.5, 5.5, 14.5], "texture": "#3"},
				"south": {"uv": [0, 3, 3, 6], "texture": "#3"},
				"west": {"uv": [1.5, 12, 2, 15], "texture": "#3"},
				"up": {"uv": [15, 0.5, 12, 0], "texture": "#3"},
				"down": {"uv": [15, 0.5, 12, 1], "texture": "#3"}
			}
		},
		{
			"from": [5, 1.5, 12.5],
			"to": [11, 7.5, 13.5],
			"rotation": {"angle": 0, "axis": "y", "origin": [0, 0, 20]},
			"faces": {
				"north": {"uv": [3, 0, 6, 3], "texture": "#3"},
				"east": {"uv": [2, 12, 2.5, 15], "texture": "#3"},
				"south": {"uv": [3, 3, 6, 6], "texture": "#3"},
				"west": {"uv": [2.5, 12, 3, 15], "texture": "#3"},
				"up": {"uv": [15, 1.5, 12, 1], "texture": "#3"},
				"down": {"uv": [15, 1.5, 12, 2], "texture": "#3"}
			}
		},
		{
			"from": [6.5, 3, 13],
			"to": [9.5, 6, 17],
			"rotation": {"angle": 0, "axis": "y", "origin": [0, 0, 20]},
			"faces": {
				"north": {"uv": [11, 3.5, 12.5, 5], "texture": "#3"},
				"east": {"uv": [8, 10.5, 10, 12], "texture": "#3"},
				"south": {"uv": [5.5, 11, 7, 12.5], "texture": "#3"},
				"west": {"uv": [10.5, 9, 12.5, 10.5], "texture": "#3"},
				"up": {"uv": [11.5, 12.5, 10, 10.5], "texture": "#3"},
				"down": {"uv": [1.5, 11, 0, 13], "texture": "#3"}
			}
		},
		{
			"from": [9.5, 6, 17],
			"to": [6.5, 3, 13],
			"rotation": {"angle": 0, "axis": "y", "origin": [16, 16, -4]},
			"faces": {
				"north": {"uv": [5.5, 12.5, 7, 11], "texture": "#3"},
				"east": {"uv": [10.5, 10.5, 12.5, 9], "texture": "#3"},
				"south": {"uv": [11, 5, 12.5, 3.5], "texture": "#3"},
				"west": {"uv": [8, 12, 10, 10.5], "texture": "#3"},
				"up": {"uv": [0, 11, 1.5, 13], "texture": "#3"},
				"down": {"uv": [10, 12.5, 11.5, 10.5], "texture": "#3"}
			}
		},
		{
			"from": [7, 3.5, 13.5],
			"to": [9, 5.5, 16.5],
			"rotation": {"angle": 0, "axis": "y", "origin": [0, 0, 20]},
			"faces": {
				"north": {"uv": [10.5, 13, 11.5, 14], "texture": "#3"},
				"east": {"uv": [8, 12, 9.5, 13], "texture": "#3"},
				"south": {"uv": [11.5, 13, 12.5, 14], "texture": "#3"},
				"west": {"uv": [12.5, 3.5, 14, 4.5], "texture": "#3"},
				"up": {"uv": [4, 13.5, 3, 12], "texture": "#3"},
				"down": {"uv": [13.5, 4.5, 12.5, 6], "texture": "#3"}
			}
		},
		{
			"from": [5.5, 2, 5],
			"to": [10.5, 7, 7],
			"rotation": {"angle": 22.5, "axis": "z", "origin": [8, 4.5, 5]},
			"faces": {
				"north": {"uv": [8, 8, 10.5, 10.5], "texture": "#3"},
				"east": {"uv": [4.5, 9, 5.5, 11.5], "texture": "#3"},
				"south": {"uv": [0, 8.5, 2.5, 11], "texture": "#3"},
				"west": {"uv": [11, 0, 12, 2.5], "texture": "#3"},
				"up": {"uv": [4, 12, 1.5, 11], "texture": "#3"},
				"down": {"uv": [13.5, 2.5, 11, 3.5], "texture": "#3"}
			}
		},
		{
			"from": [5.5, 2, 5.5],
			"to": [10.5, 7, 6.5],
			"rotation": {"angle": -22.5, "axis": "z", "origin": [8, 4.5, 5]},
			"faces": {
				"north": {"uv": [8.5, 2.5, 11, 5], "texture": "#3"},
				"east": {"uv": [9.5, 12, 10, 14.5], "texture": "#3"},
				"south": {"uv": [5.5, 8.5, 8, 11], "texture": "#3"},
				"west": {"uv": [10, 12.5, 10.5, 15], "texture": "#3"},
				"up": {"uv": [14.5, 2.5, 12, 2], "texture": "#3"},
				"down": {"uv": [15, 10, 12.5, 10.5], "texture": "#3"}
			}
		},
		{
			"from": [6, 2.5, 3.5],
			"to": [10, 6.5, 4.5],
			"rotation": {"angle": 0, "axis": "y", "origin": [8, 4.5, 3]},
			"faces": {
				"north": {"uv": [9, 0, 11, 2], "texture": "#3"},
				"east": {"uv": [1, 13, 1.5, 15], "texture": "#3"},
				"south": {"uv": [2.5, 9, 4.5, 11], "texture": "#3"},
				"west": {"uv": [12.5, 13, 13, 15], "texture": "#3"},
				"up": {"uv": [8, 6, 6, 5.5], "texture": "#3"},
				"down": {"uv": [10.5, 5, 8.5, 5.5], "texture": "#3"}
			}
		},
		{
			"from": [6, 2.5, 3],
			"to": [10, 6.5, 5],
			"rotation": {"angle": 45, "axis": "z", "origin": [8, 4.5, 3]},
			"faces": {
				"north": {"uv": [10.5, 5, 12.5, 7], "texture": "#3"},
				"east": {"uv": [7, 11, 8, 13], "texture": "#3"},
				"south": {"uv": [10.5, 7, 12.5, 9], "texture": "#3"},
				"west": {"uv": [4, 11.5, 5, 13.5], "texture": "#3"},
				"up": {"uv": [13.5, 11.5, 11.5, 10.5], "texture": "#3"},
				"down": {"uv": [13.5, 11.5, 11.5, 12.5], "texture": "#3"}
			}
		},
		{
			"from": [7, 3.5, 0.5],
			"to": [9, 5.5, 2.5],
			"rotation": {"angle": 0, "axis": "y", "origin": [8, 4.5, 1]},
			"faces": {
				"north": {"uv": [13, 12.5, 14, 13.5], "texture": "#3"},
				"east": {"uv": [13.5, 2.5, 14.5, 3.5], "texture": "#3"},
				"south": {"uv": [3, 13.5, 4, 14.5], "texture": "#3"},
				"west": {"uv": [4, 13.5, 5, 14.5], "texture": "#3"},
				"up": {"uv": [14.5, 5.5, 13.5, 4.5], "texture": "#3"},
				"down": {"uv": [6.5, 13.5, 5.5, 14.5], "texture": "#3"}
			}
		},
		{
			"from": [7, 3.5, 0],
			"to": [9, 5.5, 3],
			"rotation": {"angle": 45, "axis": "z", "origin": [8, 4.5, 1]},
			"faces": {
				"north": {"uv": [6.5, 13.5, 7.5, 14.5], "texture": "#3"},
				"east": {"uv": [5.5, 12.5, 7, 13.5], "texture": "#3"},
				"south": {"uv": [13.5, 7, 14.5, 8], "texture": "#3"},
				"west": {"uv": [12.5, 6, 14, 7], "texture": "#3"},
				"up": {"uv": [13.5, 8.5, 12.5, 7], "texture": "#3"},
				"down": {"uv": [13.5, 8.5, 12.5, 10], "texture": "#3"}
			}
		},
		{
			"from": [7.5, 4, -3],
			"to": [8.5, 5, 0],
			"rotation": {"angle": -22.5, "axis": "z", "origin": [8, 4.5, -2]},
			"faces": {
				"north": {"uv": [2.5, 8.5, 3, 9], "texture": "#3"},
				"east": {"uv": [9, 2, 10.5, 2.5], "texture": "#3"},
				"south": {"uv": [10.5, 2, 11, 2.5], "texture": "#3"},
				"west": {"uv": [13.5, 5.5, 15, 6], "texture": "#3"},
				"up": {"uv": [8, 15, 7.5, 13.5], "texture": "#3"},
				"down": {"uv": [8.5, 13.5, 8, 15], "texture": "#3"}
			}
		},
		{
			"from": [7.5, 4, -1.5],
			"to": [8.5, 5, -0.5],
			"rotation": {"angle": 22.5, "axis": "z", "origin": [8, 4.5, -2]},
			"faces": {
				"north": {"uv": [4, 11, 4.5, 11.5], "texture": "#3"},
				"east": {"uv": [14, 6.5, 14.5, 7], "texture": "#3"},
				"south": {"uv": [9, 14, 9.5, 14.5], "texture": "#3"},
				"west": {"uv": [10.5, 14, 11, 14.5], "texture": "#3"},
				"up": {"uv": [14.5, 11, 14, 10.5], "texture": "#3"},
				"down": {"uv": [11.5, 14, 11, 14.5], "texture": "#3"}
			}
		},
		{
			"from": [7.5, 6, 13.425],
			"to": [8.5, 7, 15.425],
			"rotation": {"angle": -45, "axis": "x", "origin": [8, 6, 14.425]},
			"faces": {
				"north": {"uv": [14, 11, 14.5, 11.5], "texture": "#3"},
				"east": {"uv": [13.5, 8, 14.5, 8.5], "texture": "#3"},
				"south": {"uv": [11.5, 14, 12, 14.5], "texture": "#3"},
				"west": {"uv": [8.5, 13.5, 9.5, 14], "texture": "#3"},
				"up": {"uv": [14, 9.5, 13.5, 8.5], "texture": "#3"},
				"down": {"uv": [14, 10.5, 13.5, 11.5], "texture": "#3"}
			}
		},
		{
			"from": [7.501, 6.70711, 14.13211],
			"to": [8.499, 8.70711, 15.13211],
			"rotation": {"angle": 0, "axis": "y", "origin": [8, 6, 14.425]},
			"faces": {
				"north": {"uv": [13.5, 11.5, 14, 12.5], "texture": "#3"},
				"east": {"uv": [13, 13.5, 13.5, 14.5], "texture": "#3"},
				"south": {"uv": [13.5, 13.5, 14, 14.5], "texture": "#3"},
				"west": {"uv": [14, 3.5, 14.5, 4.5], "texture": "#3"},
				"up": {"uv": [14.5, 12, 14, 11.5], "texture": "#3"},
				"down": {"uv": [12.5, 14, 12, 14.5], "texture": "#3"}
			}
		},
		{
			"from": [7.35, 7.20711, 13.98211],
			"to": [8.6, 8.20711, 15.23211],
			"rotation": {"angle": 0, "axis": "y", "origin": [8, 6, 14.425]},
			"faces": {
				"north": {"uv": [14, 12, 14.5, 12.5], "texture": "#3"},
				"east": {"uv": [14, 12.5, 14.5, 13], "texture": "#3"},
				"south": {"uv": [14, 13, 14.5, 13.5], "texture": "#3"},
				"west": {"uv": [14, 13.5, 14.5, 14], "texture": "#3"},
				"up": {"uv": [14.5, 14.5, 14, 14], "texture": "#3"},
				"down": {"uv": [15, 2, 14.5, 2.5], "texture": "#3"}
			}
		},
		{
			"from": [7.501, 7.41421, 15.83921],
			"to": [8.499, 8.41421, 16.83921],
			"rotation": {"angle": -45, "axis": "x", "origin": [8, 6, 14.425]},
			"faces": {
				"north": {"uv": [14.5, 2.5, 15, 3], "texture": "#3"},
				"east": {"uv": [3, 14.5, 3.5, 15], "texture": "#3"},
				"south": {"uv": [14.5, 3, 15, 3.5], "texture": "#3"},
				"west": {"uv": [3.5, 14.5, 4, 15], "texture": "#3"},
				"up": {"uv": [15, 4, 14.5, 3.5], "texture": "#3"},
				"down": {"uv": [4.5, 14.5, 4, 15], "texture": "#3"}
			}
		},
		{
			"from": [7.5, 8.41421, 9.425],
			"to": [8.5, 9.41421, 14.425],
			"rotation": {"angle": 0, "axis": "y", "origin": [8, 6, 14.425]},
			"faces": {
				"north": {"uv": [14.5, 4, 15, 4.5], "texture": "#3"},
				"east": {"uv": [10.5, 12.5, 13, 13], "texture": "#3"},
				"south": {"uv": [4.5, 14.5, 5, 15], "texture": "#3"},
				"west": {"uv": [7, 13, 9.5, 13.5], "texture": "#3"},
				"up": {"uv": [0.5, 15.5, 0, 13], "texture": "#3"},
				"down": {"uv": [1, 13, 0.5, 15.5], "texture": "#3"}
			}
		},
		{
			"from": [7.375, 8.28921, 11.425],
			"to": [8.625, 9.53921, 12.425],
			"rotation": {"angle": 0, "axis": "y", "origin": [8, 6, 14.425]},
			"faces": {
				"north": {"uv": [14.5, 4.5, 15, 5], "texture": "#3"},
				"east": {"uv": [5, 14.5, 5.5, 15], "texture": "#3"},
				"south": {"uv": [14.5, 5, 15, 5.5], "texture": "#3"},
				"west": {"uv": [5.5, 14.5, 6, 15], "texture": "#3"},
				"up": {"uv": [6.5, 15, 6, 14.5], "texture": "#3"},
				"down": {"uv": [7, 14.5, 6.5, 15], "texture": "#3"}
			}
		},
		{
			"from": [7.501, 11.65685, 11.59657],
			"to": [8.499, 12.65685, 13.59657],
			"rotation": {"angle": -45, "axis": "x", "origin": [8, 6, 15.425]},
			"faces": {
				"north": {"uv": [14.5, 6.5, 15, 7], "texture": "#3"},
				"east": {"uv": [13.5, 9.5, 14.5, 10], "texture": "#3"},
				"south": {"uv": [7, 14.5, 7.5, 15], "texture": "#3"},
				"west": {"uv": [14, 6, 15, 6.5], "texture": "#3"},
				"up": {"uv": [9, 15, 8.5, 14], "texture": "#3"},
				"down": {"uv": [14.5, 8.5, 14, 9.5], "texture": "#3"}
			}
		},
		{
			"from": [7.5, 7, 8.01079],
			"to": [8.5, 8, 9.01079],
			"rotation": {"angle": 0, "axis": "y", "origin": [8, 6, 15.425]},
			"faces": {
				"north": {"uv": [14.5, 7, 15, 7.5], "texture": "#3"},
				"east": {"uv": [14.5, 7.5, 15, 8], "texture": "#3"},
				"south": {"uv": [14.5, 8, 15, 8.5], "texture": "#3"},
				"west": {"uv": [14.5, 8.5, 15, 9], "texture": "#3"},
				"up": {"uv": [9.5, 15, 9, 14.5], "texture": "#3"},
				"down": {"uv": [15, 9, 14.5, 9.5], "texture": "#3"}
			}
		},
		{
			"from": [5, 5.5, 7],
			"to": [6, 6.5, 8],
			"rotation": {"angle": 0, "axis": "y", "origin": [8, 4.5, 5]},
			"faces": {
				"north": {"uv": [0, 6.5, 0.5, 7], "texture": "#2"},
				"east": {"uv": [0.5, 6.5, 1, 7], "texture": "#2"},
				"south": {"uv": [6.5, 0.5, 7, 1], "texture": "#2"},
				"west": {"uv": [1, 6.5, 1.5, 7], "texture": "#2"},
				"up": {"uv": [7, 1.5, 6.5, 1], "texture": "#2"},
				"down": {"uv": [2, 6.5, 1.5, 7], "texture": "#2"}
			}
		},
		{
			"from": [5, 4, 7],
			"to": [6, 5, 8],
			"rotation": {"angle": 0, "axis": "y", "origin": [8, 4.5, 5]},
			"faces": {
				"north": {"uv": [6.5, 1.5, 7, 2], "texture": "#2"},
				"east": {"uv": [6.5, 2, 7, 2.5], "texture": "#2"},
				"south": {"uv": [2.5, 6.5, 3, 7], "texture": "#2"},
				"west": {"uv": [3, 6.5, 3.5, 7], "texture": "#2"},
				"up": {"uv": [4, 7, 3.5, 6.5], "texture": "#2"},
				"down": {"uv": [4.5, 6.5, 4, 7], "texture": "#2"}
			}
		},
		{
			"from": [5, 2.5, 7],
			"to": [6, 3.5, 8],
			"rotation": {"angle": 0, "axis": "y", "origin": [8, 4.5, 5]},
			"faces": {
				"north": {"uv": [6.5, 5, 7, 5.5], "texture": "#2"},
				"east": {"uv": [6.5, 5.5, 7, 6], "texture": "#2"},
				"south": {"uv": [6.5, 6, 7, 6.5], "texture": "#2"},
				"west": {"uv": [6.5, 6.5, 7, 7], "texture": "#2"},
				"up": {"uv": [0.5, 7.5, 0, 7], "texture": "#2"},
				"down": {"uv": [1, 7, 0.5, 7.5], "texture": "#2"}
			}
		},
		{
			"from": [6, 1.5, 7],
			"to": [7, 2.5, 8],
			"rotation": {"angle": 0, "axis": "y", "origin": [8, 4.5, 5]},
			"faces": {
				"north": {"uv": [7, 0.5, 7.5, 1], "texture": "#2"},
				"east": {"uv": [1, 7, 1.5, 7.5], "texture": "#2"},
				"south": {"uv": [7, 1, 7.5, 1.5], "texture": "#2"},
				"west": {"uv": [1.5, 7, 2, 7.5], "texture": "#2"},
				"up": {"uv": [7.5, 2, 7, 1.5], "texture": "#2"},
				"down": {"uv": [7.5, 2, 7, 2.5], "texture": "#2"}
			}
		},
		{
			"from": [7.5, 1.5, 7],
			"to": [8.5, 2.5, 8],
			"rotation": {"angle": 0, "axis": "y", "origin": [8, 4.5, 5]},
			"faces": {
				"north": {"uv": [2.5, 7, 3, 7.5], "texture": "#2"},
				"east": {"uv": [3, 7, 3.5, 7.5], "texture": "#2"},
				"south": {"uv": [3.5, 7, 4, 7.5], "texture": "#2"},
				"west": {"uv": [4, 7, 4.5, 7.5], "texture": "#2"},
				"up": {"uv": [7.5, 4.5, 7, 4], "texture": "#2"},
				"down": {"uv": [7.5, 4.5, 7, 5], "texture": "#2"}
			}
		},
		{
			"from": [9, 1.5, 7],
			"to": [10, 2.5, 8],
			"rotation": {"angle": 0, "axis": "y", "origin": [8, 4.5, 5]},
			"faces": {
				"north": {"uv": [5, 7, 5.5, 7.5], "texture": "#2"},
				"east": {"uv": [7, 5, 7.5, 5.5], "texture": "#2"},
				"south": {"uv": [5.5, 7, 6, 7.5], "texture": "#2"},
				"west": {"uv": [7, 5.5, 7.5, 6], "texture": "#2"},
				"up": {"uv": [6.5, 7.5, 6, 7], "texture": "#2"},
				"down": {"uv": [7.5, 6, 7, 6.5], "texture": "#2"}
			}
		},
		{
			"from": [10, 2.5, 7],
			"to": [11, 3.5, 8],
			"rotation": {"angle": 0, "axis": "y", "origin": [8, 4.5, 5]},
			"faces": {
				"north": {"uv": [6.5, 7, 7, 7.5], "texture": "#2"},
				"east": {"uv": [7, 6.5, 7.5, 7], "texture": "#2"},
				"south": {"uv": [7, 7, 7.5, 7.5], "texture": "#2"},
				"west": {"uv": [0, 7.5, 0.5, 8], "texture": "#2"},
				"up": {"uv": [1, 8, 0.5, 7.5], "texture": "#2"},
				"down": {"uv": [8, 0.5, 7.5, 1], "texture": "#2"}
			}
		},
		{
			"from": [10, 4, 7],
			"to": [11, 5, 8],
			"rotation": {"angle": 0, "axis": "y", "origin": [8, 4.5, 5]},
			"faces": {
				"north": {"uv": [1, 7.5, 1.5, 8], "texture": "#2"},
				"east": {"uv": [7.5, 1, 8, 1.5], "texture": "#2"},
				"south": {"uv": [1.5, 7.5, 2, 8], "texture": "#2"},
				"west": {"uv": [7.5, 1.5, 8, 2], "texture": "#2"},
				"up": {"uv": [8, 2.5, 7.5, 2], "texture": "#2"},
				"down": {"uv": [3, 7.5, 2.5, 8], "texture": "#2"}
			}
		},
		{
			"from": [10, 5.5, 7],
			"to": [11, 6.5, 8],
			"rotation": {"angle": 0, "axis": "y", "origin": [8, 4.5, 5]},
			"faces": {
				"north": {"uv": [3, 7.5, 3.5, 8], "texture": "#2"},
				"east": {"uv": [3.5, 7.5, 4, 8], "texture": "#2"},
				"south": {"uv": [4, 7.5, 4.5, 8], "texture": "#2"},
				"west": {"uv": [7.5, 4, 8, 4.5], "texture": "#2"},
				"up": {"uv": [8, 5, 7.5, 4.5], "texture": "#2"},
				"down": {"uv": [5.5, 7.5, 5, 8], "texture": "#2"}
			}
		},
		{
			"from": [9, 6.5, 7],
			"to": [10, 7.5, 8],
			"rotation": {"angle": 0, "axis": "y", "origin": [8, 4.5, 5]},
			"faces": {
				"north": {"uv": [7.5, 5, 8, 5.5], "texture": "#2"},
				"east": {"uv": [5.5, 7.5, 6, 8], "texture": "#2"},
				"south": {"uv": [7.5, 5.5, 8, 6], "texture": "#2"},
				"west": {"uv": [6, 7.5, 6.5, 8], "texture": "#2"},
				"up": {"uv": [8, 6.5, 7.5, 6], "texture": "#2"},
				"down": {"uv": [7, 7.5, 6.5, 8], "texture": "#2"}
			}
		},
		{
			"from": [7.5, 6.5, 7],
			"to": [8.5, 7.5, 8],
			"rotation": {"angle": 0, "axis": "y", "origin": [8, 4.5, 5]},
			"faces": {
				"north": {"uv": [7.5, 6.5, 8, 7], "texture": "#2"},
				"east": {"uv": [7, 7.5, 7.5, 8], "texture": "#2"},
				"south": {"uv": [7.5, 7, 8, 7.5], "texture": "#2"},
				"west": {"uv": [7.5, 7.5, 8, 8], "texture": "#2"},
				"up": {"uv": [0.5, 8.5, 0, 8], "texture": "#2"},
				"down": {"uv": [8.5, 0, 8, 0.5], "texture": "#2"}
			}
		},
		{
			"from": [6, 6.5, 7],
			"to": [7, 7.5, 8],
			"rotation": {"angle": 0, "axis": "y", "origin": [8, 4.5, 5]},
			"faces": {
				"north": {"uv": [0.5, 8, 1, 8.5], "texture": "#2"},
				"east": {"uv": [8, 0.5, 8.5, 1], "texture": "#2"},
				"south": {"uv": [1, 8, 1.5, 8.5], "texture": "#2"},
				"west": {"uv": [8, 1, 8.5, 1.5], "texture": "#2"},
				"up": {"uv": [2, 8.5, 1.5, 8], "texture": "#2"},
				"down": {"uv": [8.5, 1.5, 8, 2], "texture": "#2"}
			}
		},
		{
			"from": [6, 2.5, 7],
			"to": [10, 6.5, 8],
			"rotation": {"angle": 0, "axis": "y", "origin": [8, 4.5, 5]},
			"faces": {
				"north": {"uv": [0, 0, 2, 2], "texture": "#2"},
				"east": {"uv": [4, 4, 4.5, 6], "texture": "#2"},
				"south": {"uv": [0, 2, 2, 4], "texture": "#2"},
				"west": {"uv": [4.5, 4, 5, 6], "texture": "#2"},
				"up": {"uv": [7, 4.5, 5, 4], "texture": "#2"},
				"down": {"uv": [7, 4.5, 5, 5], "texture": "#2"}
			}
		},
		{
			"from": [5, 5.5, 7],
			"to": [6, 6.5, 8],
			"rotation": {"angle": 22.5, "axis": "z", "origin": [8, 4.5, 5]},
			"faces": {
				"north": {"uv": [2, 8, 2.5, 8.5], "texture": "#2"},
				"east": {"uv": [8, 2, 8.5, 2.5], "texture": "#2"},
				"south": {"uv": [2.5, 8, 3, 8.5], "texture": "#2"},
				"west": {"uv": [8, 2.5, 8.5, 3], "texture": "#2"},
				"up": {"uv": [3.5, 8.5, 3, 8], "texture": "#2"},
				"down": {"uv": [8.5, 3, 8, 3.5], "texture": "#2"}
			}
		},
		{
			"from": [5, 4, 7],
			"to": [6, 5, 8],
			"rotation": {"angle": 22.5, "axis": "z", "origin": [8, 4.5, 5]},
			"faces": {
				"north": {"uv": [3.5, 8, 4, 8.5], "texture": "#2"},
				"east": {"uv": [8, 3.5, 8.5, 4], "texture": "#2"},
				"south": {"uv": [4, 8, 4.5, 8.5], "texture": "#2"},
				"west": {"uv": [8, 4, 8.5, 4.5], "texture": "#2"},
				"up": {"uv": [5, 8.5, 4.5, 8], "texture": "#2"},
				"down": {"uv": [8.5, 4.5, 8, 5], "texture": "#2"}
			}
		},
		{
			"from": [5, 2.5, 7],
			"to": [6, 3.5, 8],
			"rotation": {"angle": 22.5, "axis": "z", "origin": [8, 4.5, 5]},
			"faces": {
				"north": {"uv": [5, 8, 5.5, 8.5], "texture": "#2"},
				"east": {"uv": [8, 5, 8.5, 5.5], "texture": "#2"},
				"south": {"uv": [5.5, 8, 6, 8.5], "texture": "#2"},
				"west": {"uv": [8, 5.5, 8.5, 6], "texture": "#2"},
				"up": {"uv": [6.5, 8.5, 6, 8], "texture": "#2"},
				"down": {"uv": [8.5, 6, 8, 6.5], "texture": "#2"}
			}
		},
		{
			"from": [6, 1.5, 7],
			"to": [7, 2.5, 8],
			"rotation": {"angle": 22.5, "axis": "z", "origin": [8, 4.5, 5]},
			"faces": {
				"north": {"uv": [6.5, 8, 7, 8.5], "texture": "#2"},
				"east": {"uv": [8, 6.5, 8.5, 7], "texture": "#2"},
				"south": {"uv": [7, 8, 7.5, 8.5], "texture": "#2"},
				"west": {"uv": [8, 7, 8.5, 7.5], "texture": "#2"},
				"up": {"uv": [8, 8.5, 7.5, 8], "texture": "#2"},
				"down": {"uv": [8.5, 7.5, 8, 8], "texture": "#2"}
			}
		},
		{
			"from": [7.5, 1.5, 7],
			"to": [8.5, 2.5, 8],
			"rotation": {"angle": 22.5, "axis": "z", "origin": [8, 4.5, 5]},
			"faces": {
				"north": {"uv": [8, 8, 8.5, 8.5], "texture": "#2"},
				"east": {"uv": [0, 8.5, 0.5, 9], "texture": "#2"},
				"south": {"uv": [8.5, 0, 9, 0.5], "texture": "#2"},
				"west": {"uv": [0.5, 8.5, 1, 9], "texture": "#2"},
				"up": {"uv": [9, 1, 8.5, 0.5], "texture": "#2"},
				"down": {"uv": [1.5, 8.5, 1, 9], "texture": "#2"}
			}
		},
		{
			"from": [9, 1.5, 7],
			"to": [10, 2.5, 8],
			"rotation": {"angle": 22.5, "axis": "z", "origin": [8, 4.5, 5]},
			"faces": {
				"north": {"uv": [8.5, 1, 9, 1.5], "texture": "#2"},
				"east": {"uv": [1.5, 8.5, 2, 9], "texture": "#2"},
				"south": {"uv": [8.5, 1.5, 9, 2], "texture": "#2"},
				"west": {"uv": [2, 8.5, 2.5, 9], "texture": "#2"},
				"up": {"uv": [9, 2.5, 8.5, 2], "texture": "#2"},
				"down": {"uv": [3, 8.5, 2.5, 9], "texture": "#2"}
			}
		},
		{
			"from": [10, 2.5, 7],
			"to": [11, 3.5, 8],
			"rotation": {"angle": 22.5, "axis": "z", "origin": [8, 4.5, 5]},
			"faces": {
				"north": {"uv": [8.5, 2.5, 9, 3], "texture": "#2"},
				"east": {"uv": [3, 8.5, 3.5, 9], "texture": "#2"},
				"south": {"uv": [8.5, 3, 9, 3.5], "texture": "#2"},
				"west": {"uv": [3.5, 8.5, 4, 9], "texture": "#2"},
				"up": {"uv": [9, 4, 8.5, 3.5], "texture": "#2"},
				"down": {"uv": [4.5, 8.5, 4, 9], "texture": "#2"}
			}
		},
		{
			"from": [10, 4, 7],
			"to": [11, 5, 8],
			"rotation": {"angle": 22.5, "axis": "z", "origin": [8, 4.5, 5]},
			"faces": {
				"north": {"uv": [8.5, 4, 9, 4.5], "texture": "#2"},
				"east": {"uv": [4.5, 8.5, 5, 9], "texture": "#2"},
				"south": {"uv": [8.5, 4.5, 9, 5], "texture": "#2"},
				"west": {"uv": [5, 8.5, 5.5, 9], "texture": "#2"},
				"up": {"uv": [9, 5.5, 8.5, 5], "texture": "#2"},
				"down": {"uv": [6, 8.5, 5.5, 9], "texture": "#2"}
			}
		},
		{
			"from": [10, 5.5, 7],
			"to": [11, 6.5, 8],
			"rotation": {"angle": 22.5, "axis": "z", "origin": [8, 4.5, 5]},
			"faces": {
				"north": {"uv": [8.5, 5.5, 9, 6], "texture": "#2"},
				"east": {"uv": [6, 8.5, 6.5, 9], "texture": "#2"},
				"south": {"uv": [8.5, 6, 9, 6.5], "texture": "#2"},
				"west": {"uv": [6.5, 8.5, 7, 9], "texture": "#2"},
				"up": {"uv": [9, 7, 8.5, 6.5], "texture": "#2"},
				"down": {"uv": [7.5, 8.5, 7, 9], "texture": "#2"}
			}
		},
		{
			"from": [9, 6.5, 7],
			"to": [10, 7.5, 8],
			"rotation": {"angle": 22.5, "axis": "z", "origin": [8, 4.5, 5]},
			"faces": {
				"north": {"uv": [8.5, 7, 9, 7.5], "texture": "#2"},
				"east": {"uv": [7.5, 8.5, 8, 9], "texture": "#2"},
				"south": {"uv": [8.5, 7.5, 9, 8], "texture": "#2"},
				"west": {"uv": [8, 8.5, 8.5, 9], "texture": "#2"},
				"up": {"uv": [9, 8.5, 8.5, 8], "texture": "#2"},
				"down": {"uv": [9, 8.5, 8.5, 9], "texture": "#2"}
			}
		},
		{
			"from": [7.5, 6.5, 7],
			"to": [8.5, 7.5, 8],
			"rotation": {"angle": 22.5, "axis": "z", "origin": [8, 4.5, 5]},
			"faces": {
				"north": {"uv": [0, 9, 0.5, 9.5], "texture": "#2"},
				"east": {"uv": [9, 0, 9.5, 0.5], "texture": "#2"},
				"south": {"uv": [0.5, 9, 1, 9.5], "texture": "#2"},
				"west": {"uv": [9, 0.5, 9.5, 1], "texture": "#2"},
				"up": {"uv": [1.5, 9.5, 1, 9], "texture": "#2"},
				"down": {"uv": [9.5, 1, 9, 1.5], "texture": "#2"}
			}
		},
		{
			"from": [6, 6.5, 7],
			"to": [7, 7.5, 8],
			"rotation": {"angle": 22.5, "axis": "z", "origin": [8, 4.5, 5]},
			"faces": {
				"north": {"uv": [1.5, 9, 2, 9.5], "texture": "#2"},
				"east": {"uv": [9, 1.5, 9.5, 2], "texture": "#2"},
				"south": {"uv": [2, 9, 2.5, 9.5], "texture": "#2"},
				"west": {"uv": [9, 2, 9.5, 2.5], "texture": "#2"},
				"up": {"uv": [3, 9.5, 2.5, 9], "texture": "#2"},
				"down": {"uv": [9.5, 2.5, 9, 3], "texture": "#2"}
			}
		},
		{
			"from": [6, 2.5, 7],
			"to": [10, 6.5, 8],
			"rotation": {"angle": 22.5, "axis": "z", "origin": [8, 4.5, 5]},
			"faces": {
				"north": {"uv": [2, 0, 4, 2], "texture": "#2"},
				"east": {"uv": [5, 5, 5.5, 7], "texture": "#2"},
				"south": {"uv": [2, 2, 4, 4], "texture": "#2"},
				"west": {"uv": [5.5, 5, 6, 7], "texture": "#2"},
				"up": {"uv": [2, 6.5, 0, 6], "texture": "#2"},
				"down": {"uv": [8, 0, 6, 0.5], "texture": "#2"}
			}
		},
		{
			"from": [5, 5.5, 7],
			"to": [6, 6.5, 8],
			"rotation": {"angle": 45, "axis": "z", "origin": [8, 4.5, 5]},
			"faces": {
				"north": {"uv": [3, 9, 3.5, 9.5], "texture": "#2"},
				"east": {"uv": [9, 3, 9.5, 3.5], "texture": "#2"},
				"south": {"uv": [3.5, 9, 4, 9.5], "texture": "#2"},
				"west": {"uv": [9, 3.5, 9.5, 4], "texture": "#2"},
				"up": {"uv": [4.5, 9.5, 4, 9], "texture": "#2"},
				"down": {"uv": [9.5, 4, 9, 4.5], "texture": "#2"}
			}
		},
		{
			"from": [5, 4, 7],
			"to": [6, 5, 8],
			"rotation": {"angle": 45, "axis": "z", "origin": [8, 4.5, 5]},
			"faces": {
				"north": {"uv": [4.5, 9, 5, 9.5], "texture": "#2"},
				"east": {"uv": [9, 4.5, 9.5, 5], "texture": "#2"},
				"south": {"uv": [5, 9, 5.5, 9.5], "texture": "#2"},
				"west": {"uv": [9, 5, 9.5, 5.5], "texture": "#2"},
				"up": {"uv": [6, 9.5, 5.5, 9], "texture": "#2"},
				"down": {"uv": [9.5, 5.5, 9, 6], "texture": "#2"}
			}
		},
		{
			"from": [5, 2.5, 7],
			"to": [6, 3.5, 8],
			"rotation": {"angle": 45, "axis": "z", "origin": [8, 4.5, 5]},
			"faces": {
				"north": {"uv": [6, 9, 6.5, 9.5], "texture": "#2"},
				"east": {"uv": [9, 6, 9.5, 6.5], "texture": "#2"},
				"south": {"uv": [6.5, 9, 7, 9.5], "texture": "#2"},
				"west": {"uv": [9, 6.5, 9.5, 7], "texture": "#2"},
				"up": {"uv": [7.5, 9.5, 7, 9], "texture": "#2"},
				"down": {"uv": [9.5, 7, 9, 7.5], "texture": "#2"}
			}
		},
		{
			"from": [6, 1.5, 7],
			"to": [7, 2.5, 8],
			"rotation": {"angle": 45, "axis": "z", "origin": [8, 4.5, 5]},
			"faces": {
				"north": {"uv": [7.5, 9, 8, 9.5], "texture": "#2"},
				"east": {"uv": [9, 7.5, 9.5, 8], "texture": "#2"},
				"south": {"uv": [8, 9, 8.5, 9.5], "texture": "#2"},
				"west": {"uv": [9, 8, 9.5, 8.5], "texture": "#2"},
				"up": {"uv": [9, 9.5, 8.5, 9], "texture": "#2"},
				"down": {"uv": [9.5, 8.5, 9, 9], "texture": "#2"}
			}
		},
		{
			"from": [7.5, 1.5, 7],
			"to": [8.5, 2.5, 8],
			"rotation": {"angle": 45, "axis": "z", "origin": [8, 4.5, 5]},
			"faces": {
				"north": {"uv": [9, 9, 9.5, 9.5], "texture": "#2"},
				"east": {"uv": [0, 9.5, 0.5, 10], "texture": "#2"},
				"south": {"uv": [9.5, 0, 10, 0.5], "texture": "#2"},
				"west": {"uv": [0.5, 9.5, 1, 10], "texture": "#2"},
				"up": {"uv": [10, 1, 9.5, 0.5], "texture": "#2"},
				"down": {"uv": [1.5, 9.5, 1, 10], "texture": "#2"}
			}
		},
		{
			"from": [9, 1.5, 7],
			"to": [10, 2.5, 8],
			"rotation": {"angle": 45, "axis": "z", "origin": [8, 4.5, 5]},
			"faces": {
				"north": {"uv": [9.5, 1, 10, 1.5], "texture": "#2"},
				"east": {"uv": [1.5, 9.5, 2, 10], "texture": "#2"},
				"south": {"uv": [9.5, 1.5, 10, 2], "texture": "#2"},
				"west": {"uv": [2, 9.5, 2.5, 10], "texture": "#2"},
				"up": {"uv": [10, 2.5, 9.5, 2], "texture": "#2"},
				"down": {"uv": [3, 9.5, 2.5, 10], "texture": "#2"}
			}
		},
		{
			"from": [10, 2.5, 7],
			"to": [11, 3.5, 8],
			"rotation": {"angle": 45, "axis": "z", "origin": [8, 4.5, 5]},
			"faces": {
				"north": {"uv": [9.5, 2.5, 10, 3], "texture": "#2"},
				"east": {"uv": [3, 9.5, 3.5, 10], "texture": "#2"},
				"south": {"uv": [9.5, 3, 10, 3.5], "texture": "#2"},
				"west": {"uv": [3.5, 9.5, 4, 10], "texture": "#2"},
				"up": {"uv": [10, 4, 9.5, 3.5], "texture": "#2"},
				"down": {"uv": [4.5, 9.5, 4, 10], "texture": "#2"}
			}
		},
		{
			"from": [10, 4, 7],
			"to": [11, 5, 8],
			"rotation": {"angle": 45, "axis": "z", "origin": [8, 4.5, 5]},
			"faces": {
				"north": {"uv": [9.5, 4, 10, 4.5], "texture": "#2"},
				"east": {"uv": [4.5, 9.5, 5, 10], "texture": "#2"},
				"south": {"uv": [9.5, 4.5, 10, 5], "texture": "#2"},
				"west": {"uv": [5, 9.5, 5.5, 10], "texture": "#2"},
				"up": {"uv": [10, 5.5, 9.5, 5], "texture": "#2"},
				"down": {"uv": [6, 9.5, 5.5, 10], "texture": "#2"}
			}
		},
		{
			"from": [10, 5.5, 7],
			"to": [11, 6.5, 8],
			"rotation": {"angle": 45, "axis": "z", "origin": [8, 4.5, 5]},
			"faces": {
				"north": {"uv": [9.5, 5.5, 10, 6], "texture": "#2"},
				"east": {"uv": [6, 9.5, 6.5, 10], "texture": "#2"},
				"south": {"uv": [9.5, 6, 10, 6.5], "texture": "#2"},
				"west": {"uv": [6.5, 9.5, 7, 10], "texture": "#2"},
				"up": {"uv": [10, 7, 9.5, 6.5], "texture": "#2"},
				"down": {"uv": [7.5, 9.5, 7, 10], "texture": "#2"}
			}
		},
		{
			"from": [9, 6.5, 7],
			"to": [10, 7.5, 8],
			"rotation": {"angle": 45, "axis": "z", "origin": [8, 4.5, 5]},
			"faces": {
				"north": {"uv": [9.5, 7, 10, 7.5], "texture": "#2"},
				"east": {"uv": [7.5, 9.5, 8, 10], "texture": "#2"},
				"south": {"uv": [9.5, 7.5, 10, 8], "texture": "#2"},
				"west": {"uv": [8, 9.5, 8.5, 10], "texture": "#2"},
				"up": {"uv": [10, 8.5, 9.5, 8], "texture": "#2"},
				"down": {"uv": [9, 9.5, 8.5, 10], "texture": "#2"}
			}
		},
		{
			"from": [7.5, 6.5, 7],
			"to": [8.5, 7.5, 8],
			"rotation": {"angle": 45, "axis": "z", "origin": [8, 4.5, 5]},
			"faces": {
				"north": {"uv": [9.5, 8.5, 10, 9], "texture": "#2"},
				"east": {"uv": [9, 9.5, 9.5, 10], "texture": "#2"},
				"south": {"uv": [9.5, 9, 10, 9.5], "texture": "#2"},
				"west": {"uv": [9.5, 9.5, 10, 10], "texture": "#2"},
				"up": {"uv": [0.5, 10.5, 0, 10], "texture": "#2"},
				"down": {"uv": [10.5, 0, 10, 0.5], "texture": "#2"}
			}
		},
		{
			"from": [6, 6.5, 7],
			"to": [7, 7.5, 8],
			"rotation": {"angle": 45, "axis": "z", "origin": [8, 4.5, 5]},
			"faces": {
				"north": {"uv": [0.5, 10, 1, 10.5], "texture": "#2"},
				"east": {"uv": [10, 0.5, 10.5, 1], "texture": "#2"},
				"south": {"uv": [1, 10, 1.5, 10.5], "texture": "#2"},
				"west": {"uv": [10, 1, 10.5, 1.5], "texture": "#2"},
				"up": {"uv": [2, 10.5, 1.5, 10], "texture": "#2"},
				"down": {"uv": [10.5, 1.5, 10, 2], "texture": "#2"}
			}
		},
		{
			"from": [6, 2.5, 7],
			"to": [10, 6.5, 8],
			"rotation": {"angle": 45, "axis": "z", "origin": [8, 4.5, 5]},
			"faces": {
				"north": {"uv": [0, 4, 2, 6], "texture": "#2"},
				"east": {"uv": [6, 0.5, 6.5, 2.5], "texture": "#2"},
				"south": {"uv": [4, 0, 6, 2], "texture": "#2"},
				"west": {"uv": [2, 6, 2.5, 8], "texture": "#2"},
				"up": {"uv": [4.5, 6.5, 2.5, 6], "texture": "#2"},
				"down": {"uv": [8, 2.5, 6, 3], "texture": "#2"}
			}
		},
		{
			"from": [6, 1.5, 7],
			"to": [7, 2.5, 8],
			"rotation": {"angle": -22.5, "axis": "z", "origin": [8, 4.5, 5]},
			"faces": {
				"north": {"uv": [2, 10, 2.5, 10.5], "texture": "#2"},
				"east": {"uv": [10, 2, 10.5, 2.5], "texture": "#2"},
				"south": {"uv": [2.5, 10, 3, 10.5], "texture": "#2"},
				"west": {"uv": [10, 2.5, 10.5, 3], "texture": "#2"},
				"up": {"uv": [3.5, 10.5, 3, 10], "texture": "#2"},
				"down": {"uv": [10.5, 3, 10, 3.5], "texture": "#2"}
			}
		},
		{
			"from": [7.5, 1.5, 7],
			"to": [8.5, 2.5, 8],
			"rotation": {"angle": -22.5, "axis": "z", "origin": [8, 4.5, 5]},
			"faces": {
				"north": {"uv": [3.5, 10, 4, 10.5], "texture": "#2"},
				"east": {"uv": [10, 3.5, 10.5, 4], "texture": "#2"},
				"south": {"uv": [4, 10, 4.5, 10.5], "texture": "#2"},
				"west": {"uv": [10, 4, 10.5, 4.5], "texture": "#2"},
				"up": {"uv": [5, 10.5, 4.5, 10], "texture": "#2"},
				"down": {"uv": [10.5, 4.5, 10, 5], "texture": "#2"}
			}
		},
		{
			"from": [9, 1.5, 7],
			"to": [10, 2.5, 8],
			"rotation": {"angle": -22.5, "axis": "z", "origin": [8, 4.5, 5]},
			"faces": {
				"north": {"uv": [5, 10, 5.5, 10.5], "texture": "#2"},
				"east": {"uv": [10, 5, 10.5, 5.5], "texture": "#2"},
				"south": {"uv": [5.5, 10, 6, 10.5], "texture": "#2"},
				"west": {"uv": [10, 5.5, 10.5, 6], "texture": "#2"},
				"up": {"uv": [6.5, 10.5, 6, 10], "texture": "#2"},
				"down": {"uv": [10.5, 6, 10, 6.5], "texture": "#2"}
			}
		},
		{
			"from": [10, 2.5, 7],
			"to": [11, 3.5, 8],
			"rotation": {"angle": -22.5, "axis": "z", "origin": [8, 4.5, 5]},
			"faces": {
				"north": {"uv": [6.5, 10, 7, 10.5], "texture": "#2"},
				"east": {"uv": [10, 6.5, 10.5, 7], "texture": "#2"},
				"south": {"uv": [7, 10, 7.5, 10.5], "texture": "#2"},
				"west": {"uv": [10, 7, 10.5, 7.5], "texture": "#2"},
				"up": {"uv": [8, 10.5, 7.5, 10], "texture": "#2"},
				"down": {"uv": [10.5, 7.5, 10, 8], "texture": "#2"}
			}
		},
		{
			"from": [10, 4, 7],
			"to": [11, 5, 8],
			"rotation": {"angle": -22.5, "axis": "z", "origin": [8, 4.5, 5]},
			"faces": {
				"north": {"uv": [8, 10, 8.5, 10.5], "texture": "#2"},
				"east": {"uv": [10, 8, 10.5, 8.5], "texture": "#2"},
				"south": {"uv": [8.5, 10, 9, 10.5], "texture": "#2"},
				"west": {"uv": [10, 8.5, 10.5, 9], "texture": "#2"},
				"up": {"uv": [9.5, 10.5, 9, 10], "texture": "#2"},
				"down": {"uv": [10.5, 9, 10, 9.5], "texture": "#2"}
			}
		},
		{
			"from": [10, 5.5, 7],
			"to": [11, 6.5, 8],
			"rotation": {"angle": -22.5, "axis": "z", "origin": [8, 4.5, 5]},
			"faces": {
				"north": {"uv": [9.5, 10, 10, 10.5], "texture": "#2"},
				"east": {"uv": [10, 9.5, 10.5, 10], "texture": "#2"},
				"south": {"uv": [10, 10, 10.5, 10.5], "texture": "#2"},
				"west": {"uv": [0, 10.5, 0.5, 11], "texture": "#2"},
				"up": {"uv": [11, 0.5, 10.5, 0], "texture": "#2"},
				"down": {"uv": [1, 10.5, 0.5, 11], "texture": "#2"}
			}
		},
		{
			"from": [9, 6.5, 7],
			"to": [10, 7.5, 8],
			"rotation": {"angle": -22.5, "axis": "z", "origin": [8, 4.5, 5]},
			"faces": {
				"north": {"uv": [10.5, 0.5, 11, 1], "texture": "#2"},
				"east": {"uv": [1, 10.5, 1.5, 11], "texture": "#2"},
				"south": {"uv": [10.5, 1, 11, 1.5], "texture": "#2"},
				"west": {"uv": [1.5, 10.5, 2, 11], "texture": "#2"},
				"up": {"uv": [11, 2, 10.5, 1.5], "texture": "#2"},
				"down": {"uv": [2.5, 10.5, 2, 11], "texture": "#2"}
			}
		},
		{
			"from": [7.5, 6.5, 7],
			"to": [8.5, 7.5, 8],
			"rotation": {"angle": -22.5, "axis": "z", "origin": [8, 4.5, 5]},
			"faces": {
				"north": {"uv": [10.5, 2, 11, 2.5], "texture": "#2"},
				"east": {"uv": [2.5, 10.5, 3, 11], "texture": "#2"},
				"south": {"uv": [10.5, 2.5, 11, 3], "texture": "#2"},
				"west": {"uv": [3, 10.5, 3.5, 11], "texture": "#2"},
				"up": {"uv": [11, 3.5, 10.5, 3], "texture": "#2"},
				"down": {"uv": [4, 10.5, 3.5, 11], "texture": "#2"}
			}
		},
		{
			"from": [6, 6.5, 7],
			"to": [7, 7.5, 8],
			"rotation": {"angle": -22.5, "axis": "z", "origin": [8, 4.5, 5]},
			"faces": {
				"north": {"uv": [10.5, 3.5, 11, 4], "texture": "#2"},
				"east": {"uv": [4, 10.5, 4.5, 11], "texture": "#2"},
				"south": {"uv": [10.5, 4, 11, 4.5], "texture": "#2"},
				"west": {"uv": [4.5, 10.5, 5, 11], "texture": "#2"},
				"up": {"uv": [11, 5, 10.5, 4.5], "texture": "#2"},
				"down": {"uv": [5.5, 10.5, 5, 11], "texture": "#2"}
			}
		},
		{
			"from": [5, 5.5, 7],
			"to": [6, 6.5, 8],
			"rotation": {"angle": -22.5, "axis": "z", "origin": [8, 4.5, 5]},
			"faces": {
				"north": {"uv": [10.5, 5, 11, 5.5], "texture": "#2"},
				"east": {"uv": [5.5, 10.5, 6, 11], "texture": "#2"},
				"south": {"uv": [10.5, 5.5, 11, 6], "texture": "#2"},
				"west": {"uv": [6, 10.5, 6.5, 11], "texture": "#2"},
				"up": {"uv": [11, 6.5, 10.5, 6], "texture": "#2"},
				"down": {"uv": [7, 10.5, 6.5, 11], "texture": "#2"}
			}
		},
		{
			"from": [5, 4, 7],
			"to": [6, 5, 8],
			"rotation": {"angle": -22.5, "axis": "z", "origin": [8, 4.5, 5]},
			"faces": {
				"north": {"uv": [10.5, 6.5, 11, 7], "texture": "#2"},
				"east": {"uv": [7, 10.5, 7.5, 11], "texture": "#2"},
				"south": {"uv": [10.5, 7, 11, 7.5], "texture": "#2"},
				"west": {"uv": [7.5, 10.5, 8, 11], "texture": "#2"},
				"up": {"uv": [11, 8, 10.5, 7.5], "texture": "#2"},
				"down": {"uv": [8.5, 10.5, 8, 11], "texture": "#2"}
			}
		},
		{
			"from": [5, 2.5, 7],
			"to": [6, 3.5, 8],
			"rotation": {"angle": -22.5, "axis": "z", "origin": [8, 4.5, 5]},
			"faces": {
				"north": {"uv": [10.5, 8, 11, 8.5], "texture": "#2"},
				"east": {"uv": [8.5, 10.5, 9, 11], "texture": "#2"},
				"south": {"uv": [10.5, 8.5, 11, 9], "texture": "#2"},
				"west": {"uv": [9, 10.5, 9.5, 11], "texture": "#2"},
				"up": {"uv": [11, 9.5, 10.5, 9], "texture": "#2"},
				"down": {"uv": [10, 10.5, 9.5, 11], "texture": "#2"}
			}
		},
		{
			"from": [6, 2.5, 7],
			"to": [10, 6.5, 8],
			"rotation": {"angle": -22.5, "axis": "z", "origin": [8, 4.5, 5]},
			"faces": {
				"north": {"uv": [2, 4, 4, 6], "texture": "#2"},
				"east": {"uv": [4.5, 6, 5, 8], "texture": "#2"},
				"south": {"uv": [4, 2, 6, 4], "texture": "#2"},
				"west": {"uv": [6, 5, 6.5, 7], "texture": "#2"},
				"up": {"uv": [8, 3.5, 6, 3], "texture": "#2"},
				"down": {"uv": [8, 3.5, 6, 4], "texture": "#2"}
			}
		}
	],
	"display": {
		"thirdperson_righthand": {
			"rotation": [93, 0, 0],
			"translation": [0, 2, 0.5]
		},
		"thirdperson_lefthand": {
			"rotation": [93, 0, 0],
			"translation": [0, 2, 0.5]
		},
		"firstperson_righthand": {
			"rotation": [48, 0, 0],
			"translation": [0.75, 3.25, 1.75]
		},
		"firstperson_lefthand": {
			"rotation": [48, 0, 0],
			"translation": [0.75, 3.25, 1.75]
		},
		"ground": {
			"translation": [0, 2.5, 0]
		},
		"gui": {
			"rotation": [89.75, -46.24, 83.13],
			"translation": [-2.5, 2.5, 0],
			"scale": [1.2, 1.2, 1.2]
		},
		"fixed": {
			"rotation": [89.75, -46.24, 83.13],
			"translation": [-2.5, 2.5, 0],
			"scale": [1.2, 1.2, 1.2]
		}
	},
	"groups": [
		0,
		1,
		2,
		3,
		4,
		5,
		{
			"name": "group",
			"origin": [8, 4.5, -2],
			"color": 0,
			"children": [6, 7, 8, 9, 10, 11, 12, 13]
		},
		{
			"name": "group",
			"origin": [8, 6, 4.6],
			"color": 0,
			"children": [14, 15, 16, 17, 18, 19, 20, 21]
		},
		{
			"name": "1",
			"origin": [8, 4.5, 5],
			"color": 0,
			"children": [22, 23, 24, 25, 26, 27, 28, 29, 30, 31, 32, 33, 34]
		},
		{
			"name": "2",
			"origin": [8, 4.5, 5],
			"color": 0,
			"children": [35, 36, 37, 38, 39, 40, 41, 42, 43, 44, 45, 46, 47]
		},
		{
			"name": "3",
			"origin": [8, 4.5, 5],
			"color": 0,
			"children": [48, 49, 50, 51, 52, 53, 54, 55, 56, 57, 58, 59, 60]
		},
		{
			"name": "4",
			"origin": [8, 4.5, 5],
			"color": 0,
			"children": [61, 62, 63, 64, 65, 66, 67, 68, 69, 70, 71, 72, 73]
		}
	]
}