{
	"credit": "levnemcev",
	"parent": "item/generated",
	"textures": {
		"layer0": "customization:item/pickaxe/ice_breaker"
	},
	"display": {
		"thirdperson_righthand": {
			"rotation": [0, -90, 55],
			"translation": [0, 5, 0.5],
			"scale": [1.8, 1.8, 0.85]
		},
		"thirdperson_lefthand": {
			"rotation": [0, 90, -55],
			"translation": [0, 5, 0.5],
			"scale": [1.8, 1.8, 0.85]
		},
		"firstperson_righthand": {
			"rotation": [-37.25, -90, 0],
			"translation": [1.13, 4.45, 1.13],
			"scale": [1.5, 1.5, 0.68]
		},
		"firstperson_lefthand": {
			"rotation": [-37.25, 90, 0],
			"translation": [1.13, 4.45, 1.13],
			"scale": [1.5, 1.5, 0.68]
		},
		"ground": {
			"translation": [0, 1, 0],
			"scale": [1.1, 1.1, 0.6]
		},
		"gui": {
			"translation": [1.25, 1.25, 0],
			"scale": [2.1, 2.1, 1]
		},
		"fixed": {
			"scale": [2, 2, 1]
		}
	}
}