{
    "providers": [
        {
            "type": "bitmap",
            "file": "chat:prefix/digits.png",
			"height": 6,
            "ascent": 6,
            "chars": [
                "\u0030\u0031\u0032\u0033\u0034\u0035\u0036\u0037\u0038\u0039"
            ]
        },

        { "type": "space", "advances": {
            "\uF80F": -1024, "\uF80E": -512, "\uF80D": -256, "\uF80C": -128, "\uF80B": -64, "\uF80A": -32, "\uF809": -16,
            "\uF808": -8, "\uF807": -7, "\uF806": -6, "\uF805": -5, "\uF804": -4, "\uF803": -3,"\uF802": -2, "\uF801": -1,
    
            "\uF811": 0,
            
            "\uF821": 1, "\uF822": 2, "\uF823": 3, "\uF824": 4, "\uF825": 5, "\uF826": 6, "\uF827": 7, "\uF828": 8,
            "\uF829": 16, "\uF82A": 32, "\uF82B": 64, "\uF82C": 128, "\uF82D": 256, "\uF82E": 512, "\uF82F": 1024
        }}
	]
}
