{
	"credit": "levnemcev",
	"texture_size": [32, 32],
	"textures": {
		"2": "customization:item/saw/steampunk_1",
		"5": "customization:item/saw/steampunk_0",
		"particle": "customization:item/saw/steampunk_0"
	},
	"gui_light": "front",
	"elements": [
		{
			"from": [5.5, 2, 8],
			"to": [10.5, 7, 14],
			"rotation": {"angle": 0, "axis": "y", "origin": [0, 0, 20]},
			"faces": {
				"north": {"uv": [4, 6, 5.66667, 7.66667], "texture": "#5"},
				"east": {"uv": [0, 5.33333, 2, 7], "texture": "#5"},
				"south": {"uv": [5.66667, 6, 7.33333, 7.66667], "texture": "#5"},
				"west": {"uv": [2, 5.33333, 4, 7], "texture": "#5"},
				"up": {"uv": [7.66667, 2, 6, 0], "texture": "#5"},
				"down": {"uv": [7.66667, 2, 6, 4], "texture": "#5"}
			}
		},
		{
			"from": [5, 1.5, 8.5],
			"to": [11, 7.5, 9.5],
			"rotation": {"angle": 0, "axis": "y", "origin": [0, 0, 20]},
			"faces": {
				"north": {"uv": [4, 0, 6, 2], "texture": "#5"},
				"east": {"uv": [5.33333, 7.66667, 5.66667, 9.66667], "texture": "#5"},
				"south": {"uv": [4, 2, 6, 4], "texture": "#5"},
				"west": {"uv": [5.66667, 7.66667, 6, 9.66667], "texture": "#5"},
				"up": {"uv": [9.66667, 5.33333, 7.66667, 5], "texture": "#5"},
				"down": {"uv": [9.66667, 5.33333, 7.66667, 5.66667], "texture": "#5"}
			}
		},
		{
			"from": [5, 1.5, 12.5],
			"to": [11, 7.5, 13.5],
			"rotation": {"angle": 0, "axis": "y", "origin": [0, 0, 20]},
			"faces": {
				"north": {"uv": [0, 3.33333, 2, 5.33333], "texture": "#5"},
				"east": {"uv": [4.66667, 7.66667, 5, 9.66667], "texture": "#5"},
				"south": {"uv": [2, 3.33333, 4, 5.33333], "texture": "#5"},
				"west": {"uv": [5, 7.66667, 5.33333, 9.66667], "texture": "#5"},
				"up": {"uv": [9.66667, 4.66667, 7.66667, 4.33333], "texture": "#5"},
				"down": {"uv": [9.66667, 4.66667, 7.66667, 5], "texture": "#5"}
			}
		},
		{
			"from": [6.5, 3, 13],
			"to": [9.5, 6, 17],
			"rotation": {"angle": 0, "axis": "y", "origin": [0, 0, 20]},
			"faces": {
				"north": {"uv": [7.66667, 0, 8.66667, 1], "texture": "#5"},
				"east": {"uv": [0, 7, 1.33333, 8], "texture": "#5"},
				"south": {"uv": [7.66667, 1, 8.66667, 2], "texture": "#5"},
				"west": {"uv": [1.33333, 7, 2.66667, 8], "texture": "#5"},
				"up": {"uv": [3.66667, 8.33333, 2.66667, 7], "texture": "#5"},
				"down": {"uv": [8.33333, 6, 7.33333, 7.33333], "texture": "#5"}
			}
		},
		{
			"from": [7, 3.5, 13.5],
			"to": [9, 5.5, 16.5],
			"rotation": {"angle": 0, "axis": "y", "origin": [0, 0, 20]},
			"faces": {
				"north": {"uv": [6.66667, 7.66667, 7.33333, 8.33333], "texture": "#5"},
				"east": {"uv": [7.66667, 2, 8.66667, 2.66667], "texture": "#5"},
				"south": {"uv": [7.66667, 7.66667, 8.33333, 8.33333], "texture": "#5"},
				"west": {"uv": [7.66667, 2.66667, 8.66667, 3.33333], "texture": "#5"},
				"up": {"uv": [8.33333, 4.33333, 7.66667, 3.33333], "texture": "#5"},
				"down": {"uv": [4.66667, 7.66667, 4, 8.66667], "texture": "#5"}
			}
		},
		{
			"from": [7.5, 6, 13.425],
			"to": [8.5, 7, 15.425],
			"rotation": {"angle": -45, "axis": "x", "origin": [8, 6, 14.425]},
			"faces": {
				"north": {"uv": [8.33333, 6, 8.66667, 6.33333], "texture": "#5"},
				"east": {"uv": [0.66667, 8, 1.33333, 8.33333], "texture": "#5"},
				"south": {"uv": [8.33333, 6.33333, 8.66667, 6.66667], "texture": "#5"},
				"west": {"uv": [1.33333, 8, 2, 8.33333], "texture": "#5"},
				"up": {"uv": [2.33333, 8.66667, 2, 8], "texture": "#5"},
				"down": {"uv": [2.66667, 8, 2.33333, 8.66667], "texture": "#5"}
			}
		},
		{
			"from": [7.501, 6.70711, 14.13211],
			"to": [8.499, 8.70711, 15.13211],
			"rotation": {"angle": 0, "axis": "y", "origin": [8, 6, 14.425]},
			"faces": {
				"north": {"uv": [0.66667, 8.33333, 1, 9], "texture": "#5"},
				"east": {"uv": [1, 8.33333, 1.33333, 9], "texture": "#5"},
				"south": {"uv": [1.33333, 8.33333, 1.66667, 9], "texture": "#5"},
				"west": {"uv": [1.66667, 8.33333, 2, 9], "texture": "#5"},
				"up": {"uv": [7, 8.66667, 6.66667, 8.33333], "texture": "#5"},
				"down": {"uv": [8.66667, 6.66667, 8.33333, 7], "texture": "#5"}
			}
		},
		{
			"from": [7.35, 7.20711, 13.98211],
			"to": [8.6, 8.20711, 15.23211],
			"rotation": {"angle": 0, "axis": "y", "origin": [8, 6, 14.425]},
			"faces": {
				"north": {"uv": [7, 8.33333, 7.33333, 8.66667], "texture": "#5"},
				"east": {"uv": [8.33333, 7, 8.66667, 7.33333], "texture": "#5"},
				"south": {"uv": [7.66667, 8.33333, 8, 8.66667], "texture": "#5"},
				"west": {"uv": [8.33333, 7.66667, 8.66667, 8], "texture": "#5"},
				"up": {"uv": [8.33333, 8.66667, 8, 8.33333], "texture": "#5"},
				"down": {"uv": [8.66667, 8, 8.33333, 8.33333], "texture": "#5"}
			}
		},
		{
			"from": [7.501, 7.41421, 15.83921],
			"to": [8.499, 8.41421, 16.83921],
			"rotation": {"angle": -45, "axis": "x", "origin": [8, 6, 14.425]},
			"faces": {
				"north": {"uv": [8.33333, 8.33333, 8.66667, 8.66667], "texture": "#5"},
				"east": {"uv": [8.66667, 0, 9, 0.33333], "texture": "#5"},
				"south": {"uv": [8.66667, 0.33333, 9, 0.66667], "texture": "#5"},
				"west": {"uv": [8.66667, 0.66667, 9, 1], "texture": "#5"},
				"up": {"uv": [9, 1.33333, 8.66667, 1], "texture": "#5"},
				"down": {"uv": [9, 1.33333, 8.66667, 1.66667], "texture": "#5"}
			}
		},
		{
			"from": [7.5, 8.41421, 9.425],
			"to": [8.5, 9.41421, 14.425],
			"rotation": {"angle": 0, "axis": "y", "origin": [8, 6, 14.425]},
			"faces": {
				"north": {"uv": [8.66667, 1.66667, 9, 2], "texture": "#5"},
				"east": {"uv": [7.66667, 5.66667, 9.33333, 6], "texture": "#5"},
				"south": {"uv": [2, 8.66667, 2.33333, 9], "texture": "#5"},
				"west": {"uv": [7.66667, 7.33333, 9.33333, 7.66667], "texture": "#5"},
				"up": {"uv": [6.33333, 9.33333, 6, 7.66667], "texture": "#5"},
				"down": {"uv": [6.66667, 7.66667, 6.33333, 9.33333], "texture": "#5"}
			}
		},
		{
			"from": [7.375, 8.28921, 11.425],
			"to": [8.625, 9.53921, 12.425],
			"rotation": {"angle": 0, "axis": "y", "origin": [8, 6, 14.425]},
			"faces": {
				"north": {"uv": [8.66667, 2, 9, 2.33333], "texture": "#5"},
				"east": {"uv": [2.33333, 8.66667, 2.66667, 9], "texture": "#5"},
				"south": {"uv": [8.66667, 2.33333, 9, 2.66667], "texture": "#5"},
				"west": {"uv": [2.66667, 8.66667, 3, 9], "texture": "#5"},
				"up": {"uv": [9, 3, 8.66667, 2.66667], "texture": "#5"},
				"down": {"uv": [3.33333, 8.66667, 3, 9], "texture": "#5"}
			}
		},
		{
			"from": [7.501, 11.65685, 11.59657],
			"to": [8.499, 12.65685, 13.59657],
			"rotation": {"angle": -45, "axis": "x", "origin": [8, 6, 15.425]},
			"faces": {
				"north": {"uv": [8.66667, 3, 9, 3.33333], "texture": "#5"},
				"east": {"uv": [2.66667, 8.33333, 3.33333, 8.66667], "texture": "#5"},
				"south": {"uv": [8.66667, 3.66667, 9, 4], "texture": "#5"},
				"west": {"uv": [8.33333, 3.33333, 9, 3.66667], "texture": "#5"},
				"up": {"uv": [3.66667, 9, 3.33333, 8.33333], "texture": "#5"},
				"down": {"uv": [8.66667, 3.66667, 8.33333, 4.33333], "texture": "#5"}
			}
		},
		{
			"from": [7.5, 7, 8.01079],
			"to": [8.5, 8, 9.01079],
			"rotation": {"angle": 0, "axis": "y", "origin": [8, 6, 15.425]},
			"faces": {
				"north": {"uv": [4, 8.66667, 4.33333, 9], "texture": "#5"},
				"east": {"uv": [8.66667, 4, 9, 4.33333], "texture": "#5"},
				"south": {"uv": [4.33333, 8.66667, 4.66667, 9], "texture": "#5"},
				"west": {"uv": [8.66667, 6, 9, 6.33333], "texture": "#5"},
				"up": {"uv": [9, 6.66667, 8.66667, 6.33333], "texture": "#5"},
				"down": {"uv": [7, 8.66667, 6.66667, 9], "texture": "#5"}
			}
		},
		{
			"from": [8.5, 3, 6],
			"to": [9.5, 6, 8],
			"rotation": {"angle": 0, "axis": "y", "origin": [9, 4.5, 7.5]},
			"faces": {
				"north": {"uv": [3, 1, 3.5, 2.5], "texture": "#2"},
				"east": {"uv": [0, 0, 1, 1.5], "texture": "#2"},
				"south": {"uv": [1.5, 3, 2, 4.5], "texture": "#2"},
				"west": {"uv": [1, 0, 2, 1.5], "texture": "#2"},
				"up": {"uv": [5.5, 2.5, 5, 1.5], "texture": "#2"},
				"down": {"uv": [5.5, 4, 5, 5], "texture": "#2"}
			}
		},
		{
			"from": [6.5, 6.12132, 7],
			"to": [7.5, 7.12132, 8],
			"rotation": {"angle": 45, "axis": "x", "origin": [7, 4.5, 7.5]},
			"faces": {
				"north": {"uv": [6.5, 2.5, 7, 3], "texture": "#2"},
				"east": {"uv": [3, 6.5, 3.5, 7], "texture": "#2"},
				"south": {"uv": [6.5, 3, 7, 3.5], "texture": "#2"},
				"west": {"uv": [3.5, 6.5, 4, 7], "texture": "#2"},
				"up": {"uv": [7, 4, 6.5, 3.5], "texture": "#2"},
				"down": {"uv": [4.5, 6.5, 4, 7], "texture": "#2"}
			}
		},
		{
			"from": [6.5, 4, 9],
			"to": [7.5, 5, 10],
			"rotation": {"angle": 0, "axis": "y", "origin": [7, 4.5, 7.5]},
			"faces": {
				"north": {"uv": [6.5, 1, 7, 1.5], "texture": "#2"},
				"east": {"uv": [1.5, 6.5, 2, 7], "texture": "#2"},
				"south": {"uv": [6.5, 1.5, 7, 2], "texture": "#2"},
				"west": {"uv": [2, 6.5, 2.5, 7], "texture": "#2"},
				"up": {"uv": [7, 2.5, 6.5, 2], "texture": "#2"},
				"down": {"uv": [3, 6.5, 2.5, 7], "texture": "#2"}
			}
		},
		{
			"from": [6.5, 4, 9.12132],
			"to": [7.5, 5, 10.12132],
			"rotation": {"angle": 45, "axis": "x", "origin": [7, 4.5, 7.5]},
			"faces": {
				"north": {"uv": [6, 6, 6.5, 6.5], "texture": "#2"},
				"east": {"uv": [0, 6.5, 0.5, 7], "texture": "#2"},
				"south": {"uv": [6.5, 0, 7, 0.5], "texture": "#2"},
				"west": {"uv": [0.5, 6.5, 1, 7], "texture": "#2"},
				"up": {"uv": [7, 1, 6.5, 0.5], "texture": "#2"},
				"down": {"uv": [1.5, 6.5, 1, 7], "texture": "#2"}
			}
		},
		{
			"from": [6.5, 4, 4.87868],
			"to": [7.5, 5, 5.87868],
			"rotation": {"angle": -45, "axis": "x", "origin": [7, 4.5, 7.5]},
			"faces": {
				"north": {"uv": [4.5, 6, 5, 6.5], "texture": "#2"},
				"east": {"uv": [6, 4.5, 6.5, 5], "texture": "#2"},
				"south": {"uv": [5, 6, 5.5, 6.5], "texture": "#2"},
				"west": {"uv": [6, 5, 6.5, 5.5], "texture": "#2"},
				"up": {"uv": [6, 6.5, 5.5, 6], "texture": "#2"},
				"down": {"uv": [6.5, 5.5, 6, 6], "texture": "#2"}
			}
		},
		{
			"from": [6.5, 6.12132, 7],
			"to": [7.5, 7.12132, 8],
			"rotation": {"angle": -45, "axis": "x", "origin": [7, 4.5, 7.5]},
			"faces": {
				"north": {"uv": [3, 6, 3.5, 6.5], "texture": "#2"},
				"east": {"uv": [6, 3, 6.5, 3.5], "texture": "#2"},
				"south": {"uv": [3.5, 6, 4, 6.5], "texture": "#2"},
				"west": {"uv": [6, 3.5, 6.5, 4], "texture": "#2"},
				"up": {"uv": [4.5, 6.5, 4, 6], "texture": "#2"},
				"down": {"uv": [6.5, 4, 6, 4.5], "texture": "#2"}
			}
		},
		{
			"from": [6.5, 4, 5],
			"to": [7.5, 5, 6],
			"rotation": {"angle": 0, "axis": "y", "origin": [7, 4.5, 7.5]},
			"faces": {
				"north": {"uv": [1.5, 6, 2, 6.5], "texture": "#2"},
				"east": {"uv": [6, 1.5, 6.5, 2], "texture": "#2"},
				"south": {"uv": [2, 6, 2.5, 6.5], "texture": "#2"},
				"west": {"uv": [6, 2, 6.5, 2.5], "texture": "#2"},
				"up": {"uv": [3, 6.5, 2.5, 6], "texture": "#2"},
				"down": {"uv": [6.5, 2.5, 6, 3], "texture": "#2"}
			}
		},
		{
			"from": [6.5, 2, 7],
			"to": [7.5, 3, 8],
			"rotation": {"angle": 0, "axis": "y", "origin": [7, 4.5, 7.5]},
			"faces": {
				"north": {"uv": [5.5, 4.5, 6, 5], "texture": "#2"},
				"east": {"uv": [5.5, 5, 6, 5.5], "texture": "#2"},
				"south": {"uv": [5.5, 5.5, 6, 6], "texture": "#2"},
				"west": {"uv": [6, 0, 6.5, 0.5], "texture": "#2"},
				"up": {"uv": [6.5, 1, 6, 0.5], "texture": "#2"},
				"down": {"uv": [6.5, 1, 6, 1.5], "texture": "#2"}
			}
		},
		{
			"from": [6.5, 6, 7],
			"to": [7.5, 7, 8],
			"rotation": {"angle": 0, "axis": "y", "origin": [7, 4.5, 7.5]},
			"faces": {
				"north": {"uv": [5.5, 2.5, 6, 3], "texture": "#2"},
				"east": {"uv": [3, 5.5, 3.5, 6], "texture": "#2"},
				"south": {"uv": [3.5, 5.5, 4, 6], "texture": "#2"},
				"west": {"uv": [4, 5.5, 4.5, 6], "texture": "#2"},
				"up": {"uv": [6, 4.5, 5.5, 4], "texture": "#2"},
				"down": {"uv": [5, 5.5, 4.5, 6], "texture": "#2"}
			}
		},
		{
			"from": [6.5, 3, 8],
			"to": [7.5, 6, 9],
			"rotation": {"angle": 0, "axis": "y", "origin": [7, 4.5, 7.5]},
			"faces": {
				"north": {"uv": [2, 3, 2.5, 4.5], "texture": "#2"},
				"east": {"uv": [2.5, 3, 3, 4.5], "texture": "#2"},
				"south": {"uv": [3, 2.5, 3.5, 4], "texture": "#2"},
				"west": {"uv": [3.5, 1, 4, 2.5], "texture": "#2"},
				"up": {"uv": [5.5, 3, 5, 2.5], "texture": "#2"},
				"down": {"uv": [6, 2, 5.5, 2.5], "texture": "#2"}
			}
		},
		{
			"from": [6.5, 3, 6],
			"to": [7.5, 6, 8],
			"rotation": {"angle": 0, "axis": "y", "origin": [7, 4.5, 7.5]},
			"faces": {
				"north": {"uv": [3, 1, 3.5, 2.5], "texture": "#2"},
				"east": {"uv": [0, 0, 1, 1.5], "texture": "#2"},
				"south": {"uv": [1.5, 3, 2, 4.5], "texture": "#2"},
				"west": {"uv": [1, 0, 2, 1.5], "texture": "#2"},
				"up": {"uv": [5.5, 2.5, 5, 1.5], "texture": "#2"},
				"down": {"uv": [5.5, 4, 5, 5], "texture": "#2"}
			}
		},
		{
			"from": [8.5, 3, 8],
			"to": [9.5, 6, 9],
			"rotation": {"angle": 0, "axis": "y", "origin": [9, 4.5, 7.5]},
			"faces": {
				"north": {"uv": [2, 3, 2.5, 4.5], "texture": "#2"},
				"east": {"uv": [2.5, 3, 3, 4.5], "texture": "#2"},
				"south": {"uv": [3, 2.5, 3.5, 4], "texture": "#2"},
				"west": {"uv": [3.5, 1, 4, 2.5], "texture": "#2"},
				"up": {"uv": [5.5, 3, 5, 2.5], "texture": "#2"},
				"down": {"uv": [6, 2, 5.5, 2.5], "texture": "#2"}
			}
		},
		{
			"from": [8.5, 6, 7],
			"to": [9.5, 7, 8],
			"rotation": {"angle": 0, "axis": "y", "origin": [9, 4.5, 7.5]},
			"faces": {
				"north": {"uv": [5.5, 2.5, 6, 3], "texture": "#2"},
				"east": {"uv": [3, 5.5, 3.5, 6], "texture": "#2"},
				"south": {"uv": [3.5, 5.5, 4, 6], "texture": "#2"},
				"west": {"uv": [4, 5.5, 4.5, 6], "texture": "#2"},
				"up": {"uv": [6, 4.5, 5.5, 4], "texture": "#2"},
				"down": {"uv": [5, 5.5, 4.5, 6], "texture": "#2"}
			}
		},
		{
			"from": [8.5, 2, 7],
			"to": [9.5, 3, 8],
			"rotation": {"angle": 0, "axis": "y", "origin": [9, 4.5, 7.5]},
			"faces": {
				"north": {"uv": [5.5, 4.5, 6, 5], "texture": "#2"},
				"east": {"uv": [5.5, 5, 6, 5.5], "texture": "#2"},
				"south": {"uv": [5.5, 5.5, 6, 6], "texture": "#2"},
				"west": {"uv": [6, 0, 6.5, 0.5], "texture": "#2"},
				"up": {"uv": [6.5, 1, 6, 0.5], "texture": "#2"},
				"down": {"uv": [6.5, 1, 6, 1.5], "texture": "#2"}
			}
		},
		{
			"from": [8.5, 4, 5],
			"to": [9.5, 5, 6],
			"rotation": {"angle": 0, "axis": "y", "origin": [9, 4.5, 7.5]},
			"faces": {
				"north": {"uv": [1.5, 6, 2, 6.5], "texture": "#2"},
				"east": {"uv": [6, 1.5, 6.5, 2], "texture": "#2"},
				"south": {"uv": [2, 6, 2.5, 6.5], "texture": "#2"},
				"west": {"uv": [6, 2, 6.5, 2.5], "texture": "#2"},
				"up": {"uv": [3, 6.5, 2.5, 6], "texture": "#2"},
				"down": {"uv": [6.5, 2.5, 6, 3], "texture": "#2"}
			}
		},
		{
			"from": [8.5, 6.12132, 7],
			"to": [9.5, 7.12132, 8],
			"rotation": {"angle": -45, "axis": "x", "origin": [9, 4.5, 7.5]},
			"faces": {
				"north": {"uv": [3, 6, 3.5, 6.5], "texture": "#2"},
				"east": {"uv": [6, 3, 6.5, 3.5], "texture": "#2"},
				"south": {"uv": [3.5, 6, 4, 6.5], "texture": "#2"},
				"west": {"uv": [6, 3.5, 6.5, 4], "texture": "#2"},
				"up": {"uv": [4.5, 6.5, 4, 6], "texture": "#2"},
				"down": {"uv": [6.5, 4, 6, 4.5], "texture": "#2"}
			}
		},
		{
			"from": [8.5, 4, 4.87868],
			"to": [9.5, 5, 5.87868],
			"rotation": {"angle": -45, "axis": "x", "origin": [9, 4.5, 7.5]},
			"faces": {
				"north": {"uv": [4.5, 6, 5, 6.5], "texture": "#2"},
				"east": {"uv": [6, 4.5, 6.5, 5], "texture": "#2"},
				"south": {"uv": [5, 6, 5.5, 6.5], "texture": "#2"},
				"west": {"uv": [6, 5, 6.5, 5.5], "texture": "#2"},
				"up": {"uv": [6, 6.5, 5.5, 6], "texture": "#2"},
				"down": {"uv": [6.5, 5.5, 6, 6], "texture": "#2"}
			}
		},
		{
			"from": [8.5, 4, 9.12132],
			"to": [9.5, 5, 10.12132],
			"rotation": {"angle": 45, "axis": "x", "origin": [9, 4.5, 7.5]},
			"faces": {
				"north": {"uv": [6, 6, 6.5, 6.5], "texture": "#2"},
				"east": {"uv": [0, 6.5, 0.5, 7], "texture": "#2"},
				"south": {"uv": [6.5, 0, 7, 0.5], "texture": "#2"},
				"west": {"uv": [0.5, 6.5, 1, 7], "texture": "#2"},
				"up": {"uv": [7, 1, 6.5, 0.5], "texture": "#2"},
				"down": {"uv": [1.5, 6.5, 1, 7], "texture": "#2"}
			}
		},
		{
			"from": [8.5, 4, 9],
			"to": [9.5, 5, 10],
			"rotation": {"angle": 0, "axis": "y", "origin": [9, 4.5, 7.5]},
			"faces": {
				"north": {"uv": [6.5, 1, 7, 1.5], "texture": "#2"},
				"east": {"uv": [1.5, 6.5, 2, 7], "texture": "#2"},
				"south": {"uv": [6.5, 1.5, 7, 2], "texture": "#2"},
				"west": {"uv": [2, 6.5, 2.5, 7], "texture": "#2"},
				"up": {"uv": [7, 2.5, 6.5, 2], "texture": "#2"},
				"down": {"uv": [3, 6.5, 2.5, 7], "texture": "#2"}
			}
		},
		{
			"from": [8.5, 6.12132, 7],
			"to": [9.5, 7.12132, 8],
			"rotation": {"angle": 45, "axis": "x", "origin": [9, 4.5, 7.5]},
			"faces": {
				"north": {"uv": [6.5, 2.5, 7, 3], "texture": "#2"},
				"east": {"uv": [3, 6.5, 3.5, 7], "texture": "#2"},
				"south": {"uv": [6.5, 3, 7, 3.5], "texture": "#2"},
				"west": {"uv": [3.5, 6.5, 4, 7], "texture": "#2"},
				"up": {"uv": [7, 4, 6.5, 3.5], "texture": "#2"},
				"down": {"uv": [4.5, 6.5, 4, 7], "texture": "#2"}
			}
		},
		{
			"from": [8.5, 3, 6],
			"to": [9.5, 6, 8],
			"rotation": {"angle": -22.5, "axis": "x", "origin": [9, 4.5, 7.5]},
			"faces": {
				"north": {"uv": [3.5, 2.5, 4, 4], "texture": "#2"},
				"east": {"uv": [0, 1.5, 1, 3], "texture": "#2"},
				"south": {"uv": [0, 4, 0.5, 5.5], "texture": "#2"},
				"west": {"uv": [1, 1.5, 2, 3], "texture": "#2"},
				"up": {"uv": [5.5, 6, 5, 5], "texture": "#2"},
				"down": {"uv": [0.5, 5.5, 0, 6.5], "texture": "#2"}
			}
		},
		{
			"from": [6.5, 6.12132, 7],
			"to": [7.5, 7.12132, 8],
			"rotation": {"angle": 22.5, "axis": "x", "origin": [7, 4.5, 7.5]},
			"faces": {
				"north": {"uv": [7.5, 1, 8, 1.5], "texture": "#2"},
				"east": {"uv": [1.5, 7.5, 2, 8], "texture": "#2"},
				"south": {"uv": [7.5, 1.5, 8, 2], "texture": "#2"},
				"west": {"uv": [2, 7.5, 2.5, 8], "texture": "#2"},
				"up": {"uv": [8, 2.5, 7.5, 2], "texture": "#2"},
				"down": {"uv": [3, 7.5, 2.5, 8], "texture": "#2"}
			}
		},
		{
			"from": [6.5, 4, 9],
			"to": [7.5, 5, 10],
			"rotation": {"angle": -22.5, "axis": "x", "origin": [7, 4.5, 7.5]},
			"faces": {
				"north": {"uv": [7, 7, 7.5, 7.5], "texture": "#2"},
				"east": {"uv": [0, 7.5, 0.5, 8], "texture": "#2"},
				"south": {"uv": [7.5, 0, 8, 0.5], "texture": "#2"},
				"west": {"uv": [0.5, 7.5, 1, 8], "texture": "#2"},
				"up": {"uv": [8, 1, 7.5, 0.5], "texture": "#2"},
				"down": {"uv": [1.5, 7.5, 1, 8], "texture": "#2"}
			}
		},
		{
			"from": [6.5, 4, 9.12132],
			"to": [7.5, 5, 10.12132],
			"rotation": {"angle": 22.5, "axis": "x", "origin": [7, 4.5, 7.5]},
			"faces": {
				"north": {"uv": [5.5, 7, 6, 7.5], "texture": "#2"},
				"east": {"uv": [7, 5.5, 7.5, 6], "texture": "#2"},
				"south": {"uv": [6, 7, 6.5, 7.5], "texture": "#2"},
				"west": {"uv": [7, 6, 7.5, 6.5], "texture": "#2"},
				"up": {"uv": [7, 7.5, 6.5, 7], "texture": "#2"},
				"down": {"uv": [7.5, 6.5, 7, 7], "texture": "#2"}
			}
		},
		{
			"from": [6.5, 1.87868, 7],
			"to": [7.5, 2.87868, 8],
			"rotation": {"angle": 22.5, "axis": "x", "origin": [7, 4.5, 7.5]},
			"faces": {
				"north": {"uv": [4, 7, 4.5, 7.5], "texture": "#2"},
				"east": {"uv": [7, 4, 7.5, 4.5], "texture": "#2"},
				"south": {"uv": [4.5, 7, 5, 7.5], "texture": "#2"},
				"west": {"uv": [7, 4.5, 7.5, 5], "texture": "#2"},
				"up": {"uv": [5.5, 7.5, 5, 7], "texture": "#2"},
				"down": {"uv": [7.5, 5, 7, 5.5], "texture": "#2"}
			}
		},
		{
			"from": [6.5, 4, 4.87868],
			"to": [7.5, 5, 5.87868],
			"rotation": {"angle": 22.5, "axis": "x", "origin": [7, 4.5, 7.5]},
			"faces": {
				"north": {"uv": [2.5, 7, 3, 7.5], "texture": "#2"},
				"east": {"uv": [7, 2.5, 7.5, 3], "texture": "#2"},
				"south": {"uv": [3, 7, 3.5, 7.5], "texture": "#2"},
				"west": {"uv": [7, 3, 7.5, 3.5], "texture": "#2"},
				"up": {"uv": [4, 7.5, 3.5, 7], "texture": "#2"},
				"down": {"uv": [7.5, 3.5, 7, 4], "texture": "#2"}
			}
		},
		{
			"from": [6.5, 4, 5],
			"to": [7.5, 5, 6],
			"rotation": {"angle": -22.5, "axis": "x", "origin": [7, 4.5, 7.5]},
			"faces": {
				"north": {"uv": [1, 7, 1.5, 7.5], "texture": "#2"},
				"east": {"uv": [7, 1, 7.5, 1.5], "texture": "#2"},
				"south": {"uv": [1.5, 7, 2, 7.5], "texture": "#2"},
				"west": {"uv": [7, 1.5, 7.5, 2], "texture": "#2"},
				"up": {"uv": [2.5, 7.5, 2, 7], "texture": "#2"},
				"down": {"uv": [7.5, 2, 7, 2.5], "texture": "#2"}
			}
		},
		{
			"from": [6.5, 2, 7],
			"to": [7.5, 3, 8],
			"rotation": {"angle": -22.5, "axis": "x", "origin": [7, 4.5, 7.5]},
			"faces": {
				"north": {"uv": [6.5, 6, 7, 6.5], "texture": "#2"},
				"east": {"uv": [6.5, 6.5, 7, 7], "texture": "#2"},
				"south": {"uv": [0, 7, 0.5, 7.5], "texture": "#2"},
				"west": {"uv": [7, 0, 7.5, 0.5], "texture": "#2"},
				"up": {"uv": [1, 7.5, 0.5, 7], "texture": "#2"},
				"down": {"uv": [7.5, 0.5, 7, 1], "texture": "#2"}
			}
		},
		{
			"from": [6.5, 6, 7],
			"to": [7.5, 7, 8],
			"rotation": {"angle": -22.5, "axis": "x", "origin": [7, 4.5, 7.5]},
			"faces": {
				"north": {"uv": [6.5, 4.5, 7, 5], "texture": "#2"},
				"east": {"uv": [5, 6.5, 5.5, 7], "texture": "#2"},
				"south": {"uv": [6.5, 5, 7, 5.5], "texture": "#2"},
				"west": {"uv": [5.5, 6.5, 6, 7], "texture": "#2"},
				"up": {"uv": [7, 6, 6.5, 5.5], "texture": "#2"},
				"down": {"uv": [6.5, 6.5, 6, 7], "texture": "#2"}
			}
		},
		{
			"from": [6.5, 3, 8],
			"to": [7.5, 6, 9],
			"rotation": {"angle": -22.5, "axis": "x", "origin": [7, 4.5, 7.5]},
			"faces": {
				"north": {"uv": [0.5, 4, 1, 5.5], "texture": "#2"},
				"east": {"uv": [1, 4, 1.5, 5.5], "texture": "#2"},
				"south": {"uv": [4, 1, 4.5, 2.5], "texture": "#2"},
				"west": {"uv": [4, 2.5, 4.5, 4], "texture": "#2"},
				"up": {"uv": [7, 4.5, 6.5, 4], "texture": "#2"},
				"down": {"uv": [5, 6.5, 4.5, 7], "texture": "#2"}
			}
		},
		{
			"from": [6.5, 3, 6],
			"to": [7.5, 6, 8],
			"rotation": {"angle": -22.5, "axis": "x", "origin": [7, 4.5, 7.5]},
			"faces": {
				"north": {"uv": [3.5, 2.5, 4, 4], "texture": "#2"},
				"east": {"uv": [0, 1.5, 1, 3], "texture": "#2"},
				"south": {"uv": [0, 4, 0.5, 5.5], "texture": "#2"},
				"west": {"uv": [1, 1.5, 2, 3], "texture": "#2"},
				"up": {"uv": [5.5, 6, 5, 5], "texture": "#2"},
				"down": {"uv": [0.5, 5.5, 0, 6.5], "texture": "#2"}
			}
		},
		{
			"from": [8.5, 3, 8],
			"to": [9.5, 6, 9],
			"rotation": {"angle": -22.5, "axis": "x", "origin": [9, 4.5, 7.5]},
			"faces": {
				"north": {"uv": [0.5, 4, 1, 5.5], "texture": "#2"},
				"east": {"uv": [1, 4, 1.5, 5.5], "texture": "#2"},
				"south": {"uv": [4, 1, 4.5, 2.5], "texture": "#2"},
				"west": {"uv": [4, 2.5, 4.5, 4], "texture": "#2"},
				"up": {"uv": [7, 4.5, 6.5, 4], "texture": "#2"},
				"down": {"uv": [5, 6.5, 4.5, 7], "texture": "#2"}
			}
		},
		{
			"from": [8.5, 6, 7],
			"to": [9.5, 7, 8],
			"rotation": {"angle": -22.5, "axis": "x", "origin": [9, 4.5, 7.5]},
			"faces": {
				"north": {"uv": [6.5, 4.5, 7, 5], "texture": "#2"},
				"east": {"uv": [5, 6.5, 5.5, 7], "texture": "#2"},
				"south": {"uv": [6.5, 5, 7, 5.5], "texture": "#2"},
				"west": {"uv": [5.5, 6.5, 6, 7], "texture": "#2"},
				"up": {"uv": [7, 6, 6.5, 5.5], "texture": "#2"},
				"down": {"uv": [6.5, 6.5, 6, 7], "texture": "#2"}
			}
		},
		{
			"from": [8.5, 2, 7],
			"to": [9.5, 3, 8],
			"rotation": {"angle": -22.5, "axis": "x", "origin": [9, 4.5, 7.5]},
			"faces": {
				"north": {"uv": [6.5, 6, 7, 6.5], "texture": "#2"},
				"east": {"uv": [6.5, 6.5, 7, 7], "texture": "#2"},
				"south": {"uv": [0, 7, 0.5, 7.5], "texture": "#2"},
				"west": {"uv": [7, 0, 7.5, 0.5], "texture": "#2"},
				"up": {"uv": [1, 7.5, 0.5, 7], "texture": "#2"},
				"down": {"uv": [7.5, 0.5, 7, 1], "texture": "#2"}
			}
		},
		{
			"from": [8.5, 4, 5],
			"to": [9.5, 5, 6],
			"rotation": {"angle": -22.5, "axis": "x", "origin": [9, 4.5, 7.5]},
			"faces": {
				"north": {"uv": [1, 7, 1.5, 7.5], "texture": "#2"},
				"east": {"uv": [7, 1, 7.5, 1.5], "texture": "#2"},
				"south": {"uv": [1.5, 7, 2, 7.5], "texture": "#2"},
				"west": {"uv": [7, 1.5, 7.5, 2], "texture": "#2"},
				"up": {"uv": [2.5, 7.5, 2, 7], "texture": "#2"},
				"down": {"uv": [7.5, 2, 7, 2.5], "texture": "#2"}
			}
		},
		{
			"from": [8.5, 4, 4.87868],
			"to": [9.5, 5, 5.87868],
			"rotation": {"angle": 22.5, "axis": "x", "origin": [9, 4.5, 7.5]},
			"faces": {
				"north": {"uv": [2.5, 7, 3, 7.5], "texture": "#2"},
				"east": {"uv": [7, 2.5, 7.5, 3], "texture": "#2"},
				"south": {"uv": [3, 7, 3.5, 7.5], "texture": "#2"},
				"west": {"uv": [7, 3, 7.5, 3.5], "texture": "#2"},
				"up": {"uv": [4, 7.5, 3.5, 7], "texture": "#2"},
				"down": {"uv": [7.5, 3.5, 7, 4], "texture": "#2"}
			}
		},
		{
			"from": [8.5, 1.87868, 7],
			"to": [9.5, 2.87868, 8],
			"rotation": {"angle": 22.5, "axis": "x", "origin": [9, 4.5, 7.5]},
			"faces": {
				"north": {"uv": [4, 7, 4.5, 7.5], "texture": "#2"},
				"east": {"uv": [7, 4, 7.5, 4.5], "texture": "#2"},
				"south": {"uv": [4.5, 7, 5, 7.5], "texture": "#2"},
				"west": {"uv": [7, 4.5, 7.5, 5], "texture": "#2"},
				"up": {"uv": [5.5, 7.5, 5, 7], "texture": "#2"},
				"down": {"uv": [7.5, 5, 7, 5.5], "texture": "#2"}
			}
		},
		{
			"from": [8.5, 4, 9.12132],
			"to": [9.5, 5, 10.12132],
			"rotation": {"angle": 22.5, "axis": "x", "origin": [9, 4.5, 7.5]},
			"faces": {
				"north": {"uv": [5.5, 7, 6, 7.5], "texture": "#2"},
				"east": {"uv": [7, 5.5, 7.5, 6], "texture": "#2"},
				"south": {"uv": [6, 7, 6.5, 7.5], "texture": "#2"},
				"west": {"uv": [7, 6, 7.5, 6.5], "texture": "#2"},
				"up": {"uv": [7, 7.5, 6.5, 7], "texture": "#2"},
				"down": {"uv": [7.5, 6.5, 7, 7], "texture": "#2"}
			}
		},
		{
			"from": [8.5, 4, 9],
			"to": [9.5, 5, 10],
			"rotation": {"angle": -22.5, "axis": "x", "origin": [9, 4.5, 7.5]},
			"faces": {
				"north": {"uv": [7, 7, 7.5, 7.5], "texture": "#2"},
				"east": {"uv": [0, 7.5, 0.5, 8], "texture": "#2"},
				"south": {"uv": [7.5, 0, 8, 0.5], "texture": "#2"},
				"west": {"uv": [0.5, 7.5, 1, 8], "texture": "#2"},
				"up": {"uv": [8, 1, 7.5, 0.5], "texture": "#2"},
				"down": {"uv": [1.5, 7.5, 1, 8], "texture": "#2"}
			}
		},
		{
			"from": [8.5, 6.12132, 7],
			"to": [9.5, 7.12132, 8],
			"rotation": {"angle": 22.5, "axis": "x", "origin": [9, 4.5, 7.5]},
			"faces": {
				"north": {"uv": [7.5, 1, 8, 1.5], "texture": "#2"},
				"east": {"uv": [1.5, 7.5, 2, 8], "texture": "#2"},
				"south": {"uv": [7.5, 1.5, 8, 2], "texture": "#2"},
				"west": {"uv": [2, 7.5, 2.5, 8], "texture": "#2"},
				"up": {"uv": [8, 2.5, 7.5, 2], "texture": "#2"},
				"down": {"uv": [3, 7.5, 2.5, 8], "texture": "#2"}
			}
		},
		{
			"from": [8.5, 3, 6],
			"to": [9.5, 6, 8],
			"rotation": {"angle": -45, "axis": "x", "origin": [9, 4.5, 7.5]},
			"faces": {
				"north": {"uv": [3, 4, 3.5, 5.5], "texture": "#2"},
				"east": {"uv": [2, 0, 3, 1.5], "texture": "#2"},
				"south": {"uv": [3.5, 4, 4, 5.5], "texture": "#2"},
				"west": {"uv": [2, 1.5, 3, 3], "texture": "#2"},
				"up": {"uv": [6, 1, 5.5, 0], "texture": "#2"},
				"down": {"uv": [1, 5.5, 0.5, 6.5], "texture": "#2"}
			}
		},
		{
			"from": [6.5, 6.12132, 7],
			"to": [7.5, 7.12132, 8],
			"rotation": {"angle": 0, "axis": "y", "origin": [7, 4.5, 7.5]},
			"faces": {
				"north": {"uv": [6, 8, 6.5, 8.5], "texture": "#2"},
				"east": {"uv": [8, 6, 8.5, 6.5], "texture": "#2"},
				"south": {"uv": [6.5, 8, 7, 8.5], "texture": "#2"},
				"west": {"uv": [8, 6.5, 8.5, 7], "texture": "#2"},
				"up": {"uv": [7.5, 8.5, 7, 8], "texture": "#2"},
				"down": {"uv": [8.5, 7, 8, 7.5], "texture": "#2"}
			}
		},
		{
			"from": [6.5, 4, 9],
			"to": [7.5, 5, 10],
			"rotation": {"angle": -45, "axis": "x", "origin": [7, 4.5, 7.5]},
			"faces": {
				"north": {"uv": [4.5, 8, 5, 8.5], "texture": "#2"},
				"east": {"uv": [8, 4.5, 8.5, 5], "texture": "#2"},
				"south": {"uv": [5, 8, 5.5, 8.5], "texture": "#2"},
				"west": {"uv": [8, 5, 8.5, 5.5], "texture": "#2"},
				"up": {"uv": [6, 8.5, 5.5, 8], "texture": "#2"},
				"down": {"uv": [8.5, 5.5, 8, 6], "texture": "#2"}
			}
		},
		{
			"from": [6.5, 4, 9.12132],
			"to": [7.5, 5, 10.12132],
			"rotation": {"angle": 0, "axis": "y", "origin": [7, 4.5, 7.5]},
			"faces": {
				"north": {"uv": [3, 8, 3.5, 8.5], "texture": "#2"},
				"east": {"uv": [8, 3, 8.5, 3.5], "texture": "#2"},
				"south": {"uv": [3.5, 8, 4, 8.5], "texture": "#2"},
				"west": {"uv": [8, 3.5, 8.5, 4], "texture": "#2"},
				"up": {"uv": [4.5, 8.5, 4, 8], "texture": "#2"},
				"down": {"uv": [8.5, 4, 8, 4.5], "texture": "#2"}
			}
		},
		{
			"from": [6.5, 1.87868, 7],
			"to": [7.5, 2.87868, 8],
			"rotation": {"angle": 0, "axis": "y", "origin": [7, 4.5, 7.5]},
			"faces": {
				"north": {"uv": [1.5, 8, 2, 8.5], "texture": "#2"},
				"east": {"uv": [8, 1.5, 8.5, 2], "texture": "#2"},
				"south": {"uv": [2, 8, 2.5, 8.5], "texture": "#2"},
				"west": {"uv": [8, 2, 8.5, 2.5], "texture": "#2"},
				"up": {"uv": [3, 8.5, 2.5, 8], "texture": "#2"},
				"down": {"uv": [8.5, 2.5, 8, 3], "texture": "#2"}
			}
		},
		{
			"from": [6.5, 4, 4.87868],
			"to": [7.5, 5, 5.87868],
			"rotation": {"angle": 0, "axis": "y", "origin": [7, 4.5, 7.5]},
			"faces": {
				"north": {"uv": [0, 8, 0.5, 8.5], "texture": "#2"},
				"east": {"uv": [8, 0, 8.5, 0.5], "texture": "#2"},
				"south": {"uv": [0.5, 8, 1, 8.5], "texture": "#2"},
				"west": {"uv": [8, 0.5, 8.5, 1], "texture": "#2"},
				"up": {"uv": [1.5, 8.5, 1, 8], "texture": "#2"},
				"down": {"uv": [8.5, 1, 8, 1.5], "texture": "#2"}
			}
		},
		{
			"from": [6.5, 4, 5],
			"to": [7.5, 5, 6],
			"rotation": {"angle": -45, "axis": "x", "origin": [7, 4.5, 7.5]},
			"faces": {
				"north": {"uv": [7.5, 6, 8, 6.5], "texture": "#2"},
				"east": {"uv": [6.5, 7.5, 7, 8], "texture": "#2"},
				"south": {"uv": [7.5, 6.5, 8, 7], "texture": "#2"},
				"west": {"uv": [7, 7.5, 7.5, 8], "texture": "#2"},
				"up": {"uv": [8, 7.5, 7.5, 7], "texture": "#2"},
				"down": {"uv": [8, 7.5, 7.5, 8], "texture": "#2"}
			}
		},
		{
			"from": [6.5, 2, 7],
			"to": [7.5, 3, 8],
			"rotation": {"angle": -45, "axis": "x", "origin": [7, 4.5, 7.5]},
			"faces": {
				"north": {"uv": [7.5, 4.5, 8, 5], "texture": "#2"},
				"east": {"uv": [5, 7.5, 5.5, 8], "texture": "#2"},
				"south": {"uv": [7.5, 5, 8, 5.5], "texture": "#2"},
				"west": {"uv": [5.5, 7.5, 6, 8], "texture": "#2"},
				"up": {"uv": [8, 6, 7.5, 5.5], "texture": "#2"},
				"down": {"uv": [6.5, 7.5, 6, 8], "texture": "#2"}
			}
		},
		{
			"from": [6.5, 6, 7],
			"to": [7.5, 7, 8],
			"rotation": {"angle": -45, "axis": "x", "origin": [7, 4.5, 7.5]},
			"faces": {
				"north": {"uv": [7.5, 3, 8, 3.5], "texture": "#2"},
				"east": {"uv": [3.5, 7.5, 4, 8], "texture": "#2"},
				"south": {"uv": [7.5, 3.5, 8, 4], "texture": "#2"},
				"west": {"uv": [4, 7.5, 4.5, 8], "texture": "#2"},
				"up": {"uv": [8, 4.5, 7.5, 4], "texture": "#2"},
				"down": {"uv": [5, 7.5, 4.5, 8], "texture": "#2"}
			}
		},
		{
			"from": [6.5, 3, 8],
			"to": [7.5, 6, 9],
			"rotation": {"angle": -45, "axis": "x", "origin": [7, 4.5, 7.5]},
			"faces": {
				"north": {"uv": [4, 4, 4.5, 5.5], "texture": "#2"},
				"east": {"uv": [4.5, 0, 5, 1.5], "texture": "#2"},
				"south": {"uv": [1.5, 4.5, 2, 6], "texture": "#2"},
				"west": {"uv": [4.5, 1.5, 5, 3], "texture": "#2"},
				"up": {"uv": [8, 3, 7.5, 2.5], "texture": "#2"},
				"down": {"uv": [3.5, 7.5, 3, 8], "texture": "#2"}
			}
		},
		{
			"from": [6.5, 3, 6],
			"to": [7.5, 6, 8],
			"rotation": {"angle": -45, "axis": "x", "origin": [7, 4.5, 7.5]},
			"faces": {
				"north": {"uv": [3, 4, 3.5, 5.5], "texture": "#2"},
				"east": {"uv": [2, 0, 3, 1.5], "texture": "#2"},
				"south": {"uv": [3.5, 4, 4, 5.5], "texture": "#2"},
				"west": {"uv": [2, 1.5, 3, 3], "texture": "#2"},
				"up": {"uv": [6, 1, 5.5, 0], "texture": "#2"},
				"down": {"uv": [1, 5.5, 0.5, 6.5], "texture": "#2"}
			}
		},
		{
			"from": [8.5, 3, 8],
			"to": [9.5, 6, 9],
			"rotation": {"angle": -45, "axis": "x", "origin": [9, 4.5, 7.5]},
			"faces": {
				"north": {"uv": [4, 4, 4.5, 5.5], "texture": "#2"},
				"east": {"uv": [4.5, 0, 5, 1.5], "texture": "#2"},
				"south": {"uv": [1.5, 4.5, 2, 6], "texture": "#2"},
				"west": {"uv": [4.5, 1.5, 5, 3], "texture": "#2"},
				"up": {"uv": [8, 3, 7.5, 2.5], "texture": "#2"},
				"down": {"uv": [3.5, 7.5, 3, 8], "texture": "#2"}
			}
		},
		{
			"from": [8.5, 6, 7],
			"to": [9.5, 7, 8],
			"rotation": {"angle": -45, "axis": "x", "origin": [9, 4.5, 7.5]},
			"faces": {
				"north": {"uv": [7.5, 3, 8, 3.5], "texture": "#2"},
				"east": {"uv": [3.5, 7.5, 4, 8], "texture": "#2"},
				"south": {"uv": [7.5, 3.5, 8, 4], "texture": "#2"},
				"west": {"uv": [4, 7.5, 4.5, 8], "texture": "#2"},
				"up": {"uv": [8, 4.5, 7.5, 4], "texture": "#2"},
				"down": {"uv": [5, 7.5, 4.5, 8], "texture": "#2"}
			}
		},
		{
			"from": [8.5, 2, 7],
			"to": [9.5, 3, 8],
			"rotation": {"angle": -45, "axis": "x", "origin": [9, 4.5, 7.5]},
			"faces": {
				"north": {"uv": [7.5, 4.5, 8, 5], "texture": "#2"},
				"east": {"uv": [5, 7.5, 5.5, 8], "texture": "#2"},
				"south": {"uv": [7.5, 5, 8, 5.5], "texture": "#2"},
				"west": {"uv": [5.5, 7.5, 6, 8], "texture": "#2"},
				"up": {"uv": [8, 6, 7.5, 5.5], "texture": "#2"},
				"down": {"uv": [6.5, 7.5, 6, 8], "texture": "#2"}
			}
		},
		{
			"from": [8.5, 4, 5],
			"to": [9.5, 5, 6],
			"rotation": {"angle": -45, "axis": "x", "origin": [9, 4.5, 7.5]},
			"faces": {
				"north": {"uv": [7.5, 6, 8, 6.5], "texture": "#2"},
				"east": {"uv": [6.5, 7.5, 7, 8], "texture": "#2"},
				"south": {"uv": [7.5, 6.5, 8, 7], "texture": "#2"},
				"west": {"uv": [7, 7.5, 7.5, 8], "texture": "#2"},
				"up": {"uv": [8, 7.5, 7.5, 7], "texture": "#2"},
				"down": {"uv": [8, 7.5, 7.5, 8], "texture": "#2"}
			}
		},
		{
			"from": [8.5, 4, 4.87868],
			"to": [9.5, 5, 5.87868],
			"rotation": {"angle": 0, "axis": "y", "origin": [9, 4.5, 7.5]},
			"faces": {
				"north": {"uv": [0, 8, 0.5, 8.5], "texture": "#2"},
				"east": {"uv": [8, 0, 8.5, 0.5], "texture": "#2"},
				"south": {"uv": [0.5, 8, 1, 8.5], "texture": "#2"},
				"west": {"uv": [8, 0.5, 8.5, 1], "texture": "#2"},
				"up": {"uv": [1.5, 8.5, 1, 8], "texture": "#2"},
				"down": {"uv": [8.5, 1, 8, 1.5], "texture": "#2"}
			}
		},
		{
			"from": [8.5, 1.87868, 7],
			"to": [9.5, 2.87868, 8],
			"rotation": {"angle": 0, "axis": "y", "origin": [9, 4.5, 7.5]},
			"faces": {
				"north": {"uv": [1.5, 8, 2, 8.5], "texture": "#2"},
				"east": {"uv": [8, 1.5, 8.5, 2], "texture": "#2"},
				"south": {"uv": [2, 8, 2.5, 8.5], "texture": "#2"},
				"west": {"uv": [8, 2, 8.5, 2.5], "texture": "#2"},
				"up": {"uv": [3, 8.5, 2.5, 8], "texture": "#2"},
				"down": {"uv": [8.5, 2.5, 8, 3], "texture": "#2"}
			}
		},
		{
			"from": [8.5, 4, 9.12132],
			"to": [9.5, 5, 10.12132],
			"rotation": {"angle": 0, "axis": "y", "origin": [9, 4.5, 7.5]},
			"faces": {
				"north": {"uv": [3, 8, 3.5, 8.5], "texture": "#2"},
				"east": {"uv": [8, 3, 8.5, 3.5], "texture": "#2"},
				"south": {"uv": [3.5, 8, 4, 8.5], "texture": "#2"},
				"west": {"uv": [8, 3.5, 8.5, 4], "texture": "#2"},
				"up": {"uv": [4.5, 8.5, 4, 8], "texture": "#2"},
				"down": {"uv": [8.5, 4, 8, 4.5], "texture": "#2"}
			}
		},
		{
			"from": [8.5, 4, 9],
			"to": [9.5, 5, 10],
			"rotation": {"angle": -45, "axis": "x", "origin": [9, 4.5, 7.5]},
			"faces": {
				"north": {"uv": [4.5, 8, 5, 8.5], "texture": "#2"},
				"east": {"uv": [8, 4.5, 8.5, 5], "texture": "#2"},
				"south": {"uv": [5, 8, 5.5, 8.5], "texture": "#2"},
				"west": {"uv": [8, 5, 8.5, 5.5], "texture": "#2"},
				"up": {"uv": [6, 8.5, 5.5, 8], "texture": "#2"},
				"down": {"uv": [8.5, 5.5, 8, 6], "texture": "#2"}
			}
		},
		{
			"from": [8.5, 6.12132, 7],
			"to": [9.5, 7.12132, 8],
			"rotation": {"angle": 0, "axis": "y", "origin": [9, 4.5, 7.5]},
			"faces": {
				"north": {"uv": [6, 8, 6.5, 8.5], "texture": "#2"},
				"east": {"uv": [8, 6, 8.5, 6.5], "texture": "#2"},
				"south": {"uv": [6.5, 8, 7, 8.5], "texture": "#2"},
				"west": {"uv": [8, 6.5, 8.5, 7], "texture": "#2"},
				"up": {"uv": [7.5, 8.5, 7, 8], "texture": "#2"},
				"down": {"uv": [8.5, 7, 8, 7.5], "texture": "#2"}
			}
		},
		{
			"from": [8.5, 3, 6],
			"to": [9.5, 5, 9],
			"rotation": {"angle": 22.5, "axis": "x", "origin": [9, 4.5, 7.5]},
			"faces": {
				"north": {"uv": [1, 5.5, 1.5, 6.5], "texture": "#2"},
				"east": {"uv": [0, 3, 1.5, 4], "texture": "#2"},
				"south": {"uv": [5.5, 1, 6, 2], "texture": "#2"},
				"west": {"uv": [3, 0, 4.5, 1], "texture": "#2"},
				"up": {"uv": [2.5, 6, 2, 4.5], "texture": "#2"},
				"down": {"uv": [3, 4.5, 2.5, 6], "texture": "#2"}
			}
		},
		{
			"from": [6.5, 6.12132, 7],
			"to": [7.5, 7.12132, 8],
			"rotation": {"angle": -22.5, "axis": "x", "origin": [7, 4.5, 7.5]},
			"faces": {
				"north": {"uv": [1.5, 9, 2, 9.5], "texture": "#2"},
				"east": {"uv": [9, 1.5, 9.5, 2], "texture": "#2"},
				"south": {"uv": [2, 9, 2.5, 9.5], "texture": "#2"},
				"west": {"uv": [9, 2, 9.5, 2.5], "texture": "#2"},
				"up": {"uv": [3, 9.5, 2.5, 9], "texture": "#2"},
				"down": {"uv": [9.5, 2.5, 9, 3], "texture": "#2"}
			}
		},
		{
			"from": [6.5, 6, 7],
			"to": [7.5, 7, 8],
			"rotation": {"angle": 22.5, "axis": "x", "origin": [7, 4.5, 7.5]},
			"faces": {
				"north": {"uv": [0, 9, 0.5, 9.5], "texture": "#2"},
				"east": {"uv": [9, 0, 9.5, 0.5], "texture": "#2"},
				"south": {"uv": [0.5, 9, 1, 9.5], "texture": "#2"},
				"west": {"uv": [9, 0.5, 9.5, 1], "texture": "#2"},
				"up": {"uv": [1.5, 9.5, 1, 9], "texture": "#2"},
				"down": {"uv": [9.5, 1, 9, 1.5], "texture": "#2"}
			}
		},
		{
			"from": [6.5, 4, 9.12132],
			"to": [7.5, 5, 10.12132],
			"rotation": {"angle": -22.5, "axis": "x", "origin": [7, 4.5, 7.5]},
			"faces": {
				"north": {"uv": [8.5, 7, 9, 7.5], "texture": "#2"},
				"east": {"uv": [7.5, 8.5, 8, 9], "texture": "#2"},
				"south": {"uv": [8.5, 7.5, 9, 8], "texture": "#2"},
				"west": {"uv": [8, 8.5, 8.5, 9], "texture": "#2"},
				"up": {"uv": [9, 8.5, 8.5, 8], "texture": "#2"},
				"down": {"uv": [9, 8.5, 8.5, 9], "texture": "#2"}
			}
		},
		{
			"from": [6.5, 1.87868, 7],
			"to": [7.5, 2.87868, 8],
			"rotation": {"angle": -22.5, "axis": "x", "origin": [7, 4.5, 7.5]},
			"faces": {
				"north": {"uv": [8.5, 5.5, 9, 6], "texture": "#2"},
				"east": {"uv": [6, 8.5, 6.5, 9], "texture": "#2"},
				"south": {"uv": [8.5, 6, 9, 6.5], "texture": "#2"},
				"west": {"uv": [6.5, 8.5, 7, 9], "texture": "#2"},
				"up": {"uv": [9, 7, 8.5, 6.5], "texture": "#2"},
				"down": {"uv": [7.5, 8.5, 7, 9], "texture": "#2"}
			}
		},
		{
			"from": [6.5, 4, 4.87868],
			"to": [7.5, 5, 5.87868],
			"rotation": {"angle": -22.5, "axis": "x", "origin": [7, 4.5, 7.5]},
			"faces": {
				"north": {"uv": [8.5, 4, 9, 4.5], "texture": "#2"},
				"east": {"uv": [4.5, 8.5, 5, 9], "texture": "#2"},
				"south": {"uv": [8.5, 4.5, 9, 5], "texture": "#2"},
				"west": {"uv": [5, 8.5, 5.5, 9], "texture": "#2"},
				"up": {"uv": [9, 5.5, 8.5, 5], "texture": "#2"},
				"down": {"uv": [6, 8.5, 5.5, 9], "texture": "#2"}
			}
		},
		{
			"from": [6.5, 2, 7],
			"to": [7.5, 3, 8],
			"rotation": {"angle": 22.5, "axis": "x", "origin": [7, 4.5, 7.5]},
			"faces": {
				"north": {"uv": [8.5, 2.5, 9, 3], "texture": "#2"},
				"east": {"uv": [3, 8.5, 3.5, 9], "texture": "#2"},
				"south": {"uv": [8.5, 3, 9, 3.5], "texture": "#2"},
				"west": {"uv": [3.5, 8.5, 4, 9], "texture": "#2"},
				"up": {"uv": [9, 4, 8.5, 3.5], "texture": "#2"},
				"down": {"uv": [4.5, 8.5, 4, 9], "texture": "#2"}
			}
		},
		{
			"from": [6.5, 4, 9],
			"to": [7.5, 5, 10],
			"rotation": {"angle": 22.5, "axis": "x", "origin": [7, 4.5, 7.5]},
			"faces": {
				"north": {"uv": [8.5, 1, 9, 1.5], "texture": "#2"},
				"east": {"uv": [1.5, 8.5, 2, 9], "texture": "#2"},
				"south": {"uv": [8.5, 1.5, 9, 2], "texture": "#2"},
				"west": {"uv": [2, 8.5, 2.5, 9], "texture": "#2"},
				"up": {"uv": [9, 2.5, 8.5, 2], "texture": "#2"},
				"down": {"uv": [3, 8.5, 2.5, 9], "texture": "#2"}
			}
		},
		{
			"from": [6.5, 4, 5],
			"to": [7.5, 5, 6],
			"rotation": {"angle": 22.5, "axis": "x", "origin": [7, 4.5, 7.5]},
			"faces": {
				"north": {"uv": [8, 8, 8.5, 8.5], "texture": "#2"},
				"east": {"uv": [0, 8.5, 0.5, 9], "texture": "#2"},
				"south": {"uv": [8.5, 0, 9, 0.5], "texture": "#2"},
				"west": {"uv": [0.5, 8.5, 1, 9], "texture": "#2"},
				"up": {"uv": [9, 1, 8.5, 0.5], "texture": "#2"},
				"down": {"uv": [1.5, 8.5, 1, 9], "texture": "#2"}
			}
		},
		{
			"from": [6.5, 5, 6],
			"to": [7.5, 6, 9],
			"rotation": {"angle": 22.5, "axis": "x", "origin": [7, 4.5, 7.5]},
			"faces": {
				"north": {"uv": [7.5, 8, 8, 8.5], "texture": "#2"},
				"east": {"uv": [4.5, 3, 6, 3.5], "texture": "#2"},
				"south": {"uv": [8, 7.5, 8.5, 8], "texture": "#2"},
				"west": {"uv": [4.5, 3.5, 6, 4], "texture": "#2"},
				"up": {"uv": [5, 5.5, 4.5, 4], "texture": "#2"},
				"down": {"uv": [5.5, 0, 5, 1.5], "texture": "#2"}
			}
		},
		{
			"from": [6.5, 3, 6],
			"to": [7.5, 5, 9],
			"rotation": {"angle": 22.5, "axis": "x", "origin": [7, 4.5, 7.5]},
			"faces": {
				"north": {"uv": [1, 5.5, 1.5, 6.5], "texture": "#2"},
				"east": {"uv": [0, 3, 1.5, 4], "texture": "#2"},
				"south": {"uv": [5.5, 1, 6, 2], "texture": "#2"},
				"west": {"uv": [3, 0, 4.5, 1], "texture": "#2"},
				"up": {"uv": [2.5, 6, 2, 4.5], "texture": "#2"},
				"down": {"uv": [3, 4.5, 2.5, 6], "texture": "#2"}
			}
		},
		{
			"from": [8.5, 5, 6],
			"to": [9.5, 6, 9],
			"rotation": {"angle": 22.5, "axis": "x", "origin": [9, 4.5, 7.5]},
			"faces": {
				"north": {"uv": [7.5, 8, 8, 8.5], "texture": "#2"},
				"east": {"uv": [4.5, 3, 6, 3.5], "texture": "#2"},
				"south": {"uv": [8, 7.5, 8.5, 8], "texture": "#2"},
				"west": {"uv": [4.5, 3.5, 6, 4], "texture": "#2"},
				"up": {"uv": [5, 5.5, 4.5, 4], "texture": "#2"},
				"down": {"uv": [5.5, 0, 5, 1.5], "texture": "#2"}
			}
		},
		{
			"from": [8.5, 4, 5],
			"to": [9.5, 5, 6],
			"rotation": {"angle": 22.5, "axis": "x", "origin": [9, 4.5, 7.5]},
			"faces": {
				"north": {"uv": [8, 8, 8.5, 8.5], "texture": "#2"},
				"east": {"uv": [0, 8.5, 0.5, 9], "texture": "#2"},
				"south": {"uv": [8.5, 0, 9, 0.5], "texture": "#2"},
				"west": {"uv": [0.5, 8.5, 1, 9], "texture": "#2"},
				"up": {"uv": [9, 1, 8.5, 0.5], "texture": "#2"},
				"down": {"uv": [1.5, 8.5, 1, 9], "texture": "#2"}
			}
		},
		{
			"from": [8.5, 4, 9],
			"to": [9.5, 5, 10],
			"rotation": {"angle": 22.5, "axis": "x", "origin": [9, 4.5, 7.5]},
			"faces": {
				"north": {"uv": [8.5, 1, 9, 1.5], "texture": "#2"},
				"east": {"uv": [1.5, 8.5, 2, 9], "texture": "#2"},
				"south": {"uv": [8.5, 1.5, 9, 2], "texture": "#2"},
				"west": {"uv": [2, 8.5, 2.5, 9], "texture": "#2"},
				"up": {"uv": [9, 2.5, 8.5, 2], "texture": "#2"},
				"down": {"uv": [3, 8.5, 2.5, 9], "texture": "#2"}
			}
		},
		{
			"from": [8.5, 2, 7],
			"to": [9.5, 3, 8],
			"rotation": {"angle": 22.5, "axis": "x", "origin": [9, 4.5, 7.5]},
			"faces": {
				"north": {"uv": [8.5, 2.5, 9, 3], "texture": "#2"},
				"east": {"uv": [3, 8.5, 3.5, 9], "texture": "#2"},
				"south": {"uv": [8.5, 3, 9, 3.5], "texture": "#2"},
				"west": {"uv": [3.5, 8.5, 4, 9], "texture": "#2"},
				"up": {"uv": [9, 4, 8.5, 3.5], "texture": "#2"},
				"down": {"uv": [4.5, 8.5, 4, 9], "texture": "#2"}
			}
		},
		{
			"from": [8.5, 4, 4.87868],
			"to": [9.5, 5, 5.87868],
			"rotation": {"angle": -22.5, "axis": "x", "origin": [9, 4.5, 7.5]},
			"faces": {
				"north": {"uv": [8.5, 4, 9, 4.5], "texture": "#2"},
				"east": {"uv": [4.5, 8.5, 5, 9], "texture": "#2"},
				"south": {"uv": [8.5, 4.5, 9, 5], "texture": "#2"},
				"west": {"uv": [5, 8.5, 5.5, 9], "texture": "#2"},
				"up": {"uv": [9, 5.5, 8.5, 5], "texture": "#2"},
				"down": {"uv": [6, 8.5, 5.5, 9], "texture": "#2"}
			}
		},
		{
			"from": [8.5, 1.87868, 7],
			"to": [9.5, 2.87868, 8],
			"rotation": {"angle": -22.5, "axis": "x", "origin": [9, 4.5, 7.5]},
			"faces": {
				"north": {"uv": [8.5, 5.5, 9, 6], "texture": "#2"},
				"east": {"uv": [6, 8.5, 6.5, 9], "texture": "#2"},
				"south": {"uv": [8.5, 6, 9, 6.5], "texture": "#2"},
				"west": {"uv": [6.5, 8.5, 7, 9], "texture": "#2"},
				"up": {"uv": [9, 7, 8.5, 6.5], "texture": "#2"},
				"down": {"uv": [7.5, 8.5, 7, 9], "texture": "#2"}
			}
		},
		{
			"from": [8.5, 4, 9.12132],
			"to": [9.5, 5, 10.12132],
			"rotation": {"angle": -22.5, "axis": "x", "origin": [9, 4.5, 7.5]},
			"faces": {
				"north": {"uv": [8.5, 7, 9, 7.5], "texture": "#2"},
				"east": {"uv": [7.5, 8.5, 8, 9], "texture": "#2"},
				"south": {"uv": [8.5, 7.5, 9, 8], "texture": "#2"},
				"west": {"uv": [8, 8.5, 8.5, 9], "texture": "#2"},
				"up": {"uv": [9, 8.5, 8.5, 8], "texture": "#2"},
				"down": {"uv": [9, 8.5, 8.5, 9], "texture": "#2"}
			}
		},
		{
			"from": [8.5, 6, 7],
			"to": [9.5, 7, 8],
			"rotation": {"angle": 22.5, "axis": "x", "origin": [9, 4.5, 7.5]},
			"faces": {
				"north": {"uv": [0, 9, 0.5, 9.5], "texture": "#2"},
				"east": {"uv": [9, 0, 9.5, 0.5], "texture": "#2"},
				"south": {"uv": [0.5, 9, 1, 9.5], "texture": "#2"},
				"west": {"uv": [9, 0.5, 9.5, 1], "texture": "#2"},
				"up": {"uv": [1.5, 9.5, 1, 9], "texture": "#2"},
				"down": {"uv": [9.5, 1, 9, 1.5], "texture": "#2"}
			}
		},
		{
			"from": [8.5, 6.12132, 7],
			"to": [9.5, 7.12132, 8],
			"rotation": {"angle": -22.5, "axis": "x", "origin": [9, 4.5, 7.5]},
			"faces": {
				"north": {"uv": [1.5, 9, 2, 9.5], "texture": "#2"},
				"east": {"uv": [9, 1.5, 9.5, 2], "texture": "#2"},
				"south": {"uv": [2, 9, 2.5, 9.5], "texture": "#2"},
				"west": {"uv": [9, 2, 9.5, 2.5], "texture": "#2"},
				"up": {"uv": [3, 9.5, 2.5, 9], "texture": "#2"},
				"down": {"uv": [9.5, 2.5, 9, 3], "texture": "#2"}
			}
		},
		{
			"from": [7.5, 3, -3],
			"to": [8.5, 6, 8],
			"faces": {
				"north": {"uv": [0, 8, 0.33333, 9], "texture": "#5"},
				"east": {"uv": [4, 4, 7.66667, 5], "texture": "#5"},
				"south": {"uv": [0.33333, 8, 0.66667, 9], "texture": "#5"},
				"west": {"uv": [4, 5, 7.66667, 6], "texture": "#5"},
				"up": {"uv": [4, 10.66667, 3.66667, 7], "texture": "#5"},
				"down": {"uv": [7.66667, 7.33333, 7.33333, 11], "texture": "#5"}
			}
		},
		{
			"from": [8, 2, -4],
			"to": [8, 7, 8],
			"faces": {
				"north": {"uv": [0, 0, 0, 1.66667], "texture": "#5"},
				"east": {"uv": [0, 0, 4, 1.66667], "texture": "#5"},
				"south": {"uv": [0, 0, 0, 1.66667], "texture": "#5"},
				"west": {"uv": [4, 0, 0, 1.66667], "texture": "#5"},
				"up": {"uv": [0, 4, 0, 0], "texture": "#5"},
				"down": {"uv": [0, 0, 0, 4], "texture": "#5"}
			}
		}
	],
	"display": {
		"thirdperson_righthand": {
			"rotation": [93, 0, 0],
			"translation": [0, 2, 0.5]
		},
		"thirdperson_lefthand": {
			"rotation": [93, 0, 0],
			"translation": [0, 2, 0.5]
		},
		"firstperson_righthand": {
			"rotation": [48, 0, 0],
			"translation": [0.75, 3.25, 1.75]
		},
		"firstperson_lefthand": {
			"rotation": [48, 0, 0],
			"translation": [0.75, 3.25, 1.75]
		},
		"ground": {
			"translation": [0, 2.5, 0]
		},
		"gui": {
			"rotation": [89.75, -46.24, 83.13],
			"translation": [-2.5, 2.5, 0],
			"scale": [1.2, 1.2, 1.2]
		},
		"fixed": {
			"rotation": [89.75, -46.24, 83.13],
			"translation": [-2.5, 2.5, 0],
			"scale": [1.2, 1.2, 1.2]
		}
	},
	"groups": [
		0,
		1,
		2,
		3,
		4,
		{
			"name": "group",
			"origin": [8, 4.5, -2],
			"color": 0,
			"children": []
		},
		{
			"name": "group",
			"origin": [8, 6, 4.6],
			"color": 0,
			"children": [5, 6, 7, 8, 9, 10, 11, 12]
		},
		{
			"name": "1",
			"origin": [8, 4.5, 5],
			"color": 0,
			"children": [13, 14, 15, 16, 17, 18, 19, 20, 21, 22, 23, 24, 25, 26, 27, 28, 29, 30, 31, 32]
		},
		{
			"name": "2",
			"origin": [8, 4.5, 5],
			"color": 0,
			"children": [33, 34, 35, 36, 37, 38, 39, 40, 41, 42, 43, 44, 45, 46, 47, 48, 49, 50, 51, 52]
		},
		{
			"name": "3",
			"origin": [8, 4.5, 5],
			"color": 0,
			"children": [53, 54, 55, 56, 57, 58, 59, 60, 61, 62, 63, 64, 65, 66, 67, 68, 69, 70, 71, 72]
		},
		{
			"name": "4",
			"origin": [8, 4.5, 5],
			"color": 0,
			"children": [73, 74, 75, 76, 77, 78, 79, 80, 81, 82, 83, 84, 85, 86, 87, 88, 89, 90, 91, 92]
		},
		93,
		94
	]
}