{"model": {"type": "range_dispatch", "property": "custom_model_data", "fallback": {"type": "model", "model": "minecraft:block/acacia_sapling"}, "entries": [{"threshold": 1, "model": {"type": "model", "model": "pipes:block/servo/golden/down"}}, {"threshold": 2, "model": {"type": "model", "model": "pipes:block/servo/chromium/north"}}, {"threshold": 3, "model": {"type": "model", "model": "pipes:block/servo/chromium/east"}}, {"threshold": 4, "model": {"type": "model", "model": "pipes:block/servo/chromium/south"}}, {"threshold": 5, "model": {"type": "model", "model": "pipes:block/servo/chromium/west"}}, {"threshold": 6, "model": {"type": "model", "model": "pipes:block/servo/chromium/up"}}, {"threshold": 7, "model": {"type": "model", "model": "pipes:block/servo/chromium/down"}}, {"threshold": 8, "model": {"type": "model", "model": "pipes:block/servo/diamond/north"}}, {"threshold": 9, "model": {"type": "model", "model": "pipes:block/servo/diamond/east"}}, {"threshold": 10, "model": {"type": "model", "model": "pipes:block/servo/diamond/south"}}, {"threshold": 11, "model": {"type": "model", "model": "pipes:block/servo/diamond/west"}}, {"threshold": 12, "model": {"type": "model", "model": "pipes:block/servo/diamond/up"}}, {"threshold": 13, "model": {"type": "model", "model": "pipes:block/servo/diamond/down"}}, {"threshold": 14, "model": {"type": "model", "model": "pipes:block/servo/netherite/north"}}, {"threshold": 15, "model": {"type": "model", "model": "pipes:block/servo/netherite/east"}}, {"threshold": 16, "model": {"type": "model", "model": "pipes:block/servo/netherite/south"}}, {"threshold": 17, "model": {"type": "model", "model": "pipes:block/servo/netherite/west"}}, {"threshold": 18, "model": {"type": "model", "model": "pipes:block/servo/netherite/up"}}, {"threshold": 19, "model": {"type": "model", "model": "pipes:block/servo/netherite/down"}}, {"threshold": 20, "model": {"type": "model", "model": "pipes:block/filter/tin/north"}}, {"threshold": 21, "model": {"type": "model", "model": "pipes:block/filter/tin/east"}}, {"threshold": 22, "model": {"type": "model", "model": "pipes:block/filter/tin/south"}}, {"threshold": 23, "model": {"type": "model", "model": "pipes:block/filter/tin/west"}}, {"threshold": 24, "model": {"type": "model", "model": "pipes:block/filter/tin/up"}}, {"threshold": 25, "model": {"type": "model", "model": "pipes:block/filter/tin/down"}}]}}