{"model": {"type": "range_dispatch", "property": "custom_model_data", "fallback": {"type": "model", "model": "minecraft:block/andesite"}, "entries": [{"threshold": 1, "model": {"type": "model", "model": "general:block/coke_oven/chamber"}}, {"threshold": 2, "model": {"type": "model", "model": "general:block/coke_oven/bricks"}}, {"threshold": 3, "model": {"type": "model", "model": "general:block/coke_oven/bricks_on"}}, {"threshold": 4, "model": {"type": "model", "model": "general:block/coke_oven/hopper_in"}}, {"threshold": 5, "model": {"type": "model", "model": "general:block/coke_oven/hopper_out"}}, {"threshold": 6, "model": {"type": "model", "model": "general:block/coke_oven/pipe_out"}}, {"threshold": 7, "model": {"type": "model", "model": "general:block/coke_oven/gas_storage"}}, {"threshold": 8, "model": {"type": "model", "model": "general:block/coke_oven/condenser"}}, {"threshold": 9, "model": {"type": "model", "model": "general:block/blast_furnace/chamber"}}, {"threshold": 10, "model": {"type": "model", "model": "general:block/blast_furnace/bricks"}}, {"threshold": 11, "model": {"type": "model", "model": "general:block/blast_furnace/bricks_on"}}, {"threshold": 12, "model": {"type": "model", "model": "general:block/blast_furnace/hopper_in"}}, {"threshold": 13, "model": {"type": "model", "model": "general:block/blast_furnace/hopper_out"}}, {"threshold": 14, "model": {"type": "model", "model": "general:block/text_monitor"}}, {"threshold": 15, "model": {"type": "model", "model": "general:block/text_monitor_extender"}}, {"threshold": 16, "model": {"type": "model", "model": "electricity:block/electrolyte_accumulator/1"}}, {"threshold": 17, "model": {"type": "model", "model": "electricity:block/electrolyte_accumulator/2"}}, {"threshold": 18, "model": {"type": "model", "model": "electricity:block/accumulator/1"}}, {"threshold": 19, "model": {"type": "model", "model": "electricity:block/accumulator/2"}}, {"threshold": 20, "model": {"type": "model", "model": "electricity:block/accumulator/3"}}, {"threshold": 21, "model": {"type": "model", "model": "electricity:block/accumulator/4"}}, {"threshold": 22, "model": {"type": "model", "model": "electricity:block/generator/fuel"}}, {"threshold": 23, "model": {"type": "model", "model": "electricity:block/generator/fuel_on"}}, {"threshold": 24, "model": {"type": "model", "model": "electricity:block/turbine/steam"}}, {"threshold": 25, "model": {"type": "model", "model": "electricity:block/turbine/steam_on"}}]}}