{"model": {"type": "range_dispatch", "property": "custom_model_data", "fallback": {"type": "model", "model": "minecraft:block/bedrock"}, "entries": [{"threshold": 2000, "model": {"type": "model", "model": "electricity:block/overclock/0/000000"}}, {"threshold": 2001, "model": {"type": "model", "model": "electricity:block/overclock/0/000001"}}, {"threshold": 2002, "model": {"type": "model", "model": "electricity:block/overclock/0/000010"}}, {"threshold": 2003, "model": {"type": "model", "model": "electricity:block/overclock/0/000011"}}, {"threshold": 2004, "model": {"type": "model", "model": "electricity:block/overclock/0/000100"}}, {"threshold": 2005, "model": {"type": "model", "model": "electricity:block/overclock/0/000101"}}, {"threshold": 2006, "model": {"type": "model", "model": "electricity:block/overclock/0/000110"}}, {"threshold": 2007, "model": {"type": "model", "model": "electricity:block/overclock/0/000111"}}, {"threshold": 2008, "model": {"type": "model", "model": "electricity:block/overclock/0/001000"}}, {"threshold": 2009, "model": {"type": "model", "model": "electricity:block/overclock/0/001001"}}, {"threshold": 2010, "model": {"type": "model", "model": "electricity:block/overclock/0/001010"}}, {"threshold": 2011, "model": {"type": "model", "model": "electricity:block/overclock/0/001011"}}, {"threshold": 2012, "model": {"type": "model", "model": "electricity:block/overclock/0/001100"}}, {"threshold": 2013, "model": {"type": "model", "model": "electricity:block/overclock/0/001101"}}, {"threshold": 2014, "model": {"type": "model", "model": "electricity:block/overclock/0/001110"}}, {"threshold": 2015, "model": {"type": "model", "model": "electricity:block/overclock/0/001111"}}, {"threshold": 2016, "model": {"type": "model", "model": "electricity:block/overclock/0/010000"}}, {"threshold": 2017, "model": {"type": "model", "model": "electricity:block/overclock/0/010001"}}, {"threshold": 2018, "model": {"type": "model", "model": "electricity:block/overclock/0/010010"}}, {"threshold": 2019, "model": {"type": "model", "model": "electricity:block/overclock/0/010011"}}, {"threshold": 2020, "model": {"type": "model", "model": "electricity:block/overclock/0/010100"}}, {"threshold": 2021, "model": {"type": "model", "model": "electricity:block/overclock/0/010101"}}, {"threshold": 2022, "model": {"type": "model", "model": "electricity:block/overclock/0/010110"}}, {"threshold": 2023, "model": {"type": "model", "model": "electricity:block/overclock/0/010111"}}, {"threshold": 2024, "model": {"type": "model", "model": "electricity:block/overclock/0/011000"}}, {"threshold": 2025, "model": {"type": "model", "model": "electricity:block/overclock/0/011001"}}, {"threshold": 2026, "model": {"type": "model", "model": "electricity:block/overclock/0/011010"}}, {"threshold": 2027, "model": {"type": "model", "model": "electricity:block/overclock/0/011011"}}, {"threshold": 2028, "model": {"type": "model", "model": "electricity:block/overclock/0/011100"}}, {"threshold": 2029, "model": {"type": "model", "model": "electricity:block/overclock/0/011101"}}, {"threshold": 2030, "model": {"type": "model", "model": "electricity:block/overclock/0/011110"}}, {"threshold": 2031, "model": {"type": "model", "model": "electricity:block/overclock/0/011111"}}, {"threshold": 2032, "model": {"type": "model", "model": "electricity:block/overclock/0/100000"}}, {"threshold": 2033, "model": {"type": "model", "model": "electricity:block/overclock/0/100001"}}, {"threshold": 2034, "model": {"type": "model", "model": "electricity:block/overclock/0/100010"}}, {"threshold": 2035, "model": {"type": "model", "model": "electricity:block/overclock/0/100011"}}, {"threshold": 2036, "model": {"type": "model", "model": "electricity:block/overclock/0/100100"}}, {"threshold": 2037, "model": {"type": "model", "model": "electricity:block/overclock/0/100101"}}, {"threshold": 2038, "model": {"type": "model", "model": "electricity:block/overclock/0/100110"}}, {"threshold": 2039, "model": {"type": "model", "model": "electricity:block/overclock/0/100111"}}, {"threshold": 2040, "model": {"type": "model", "model": "electricity:block/overclock/0/101000"}}, {"threshold": 2041, "model": {"type": "model", "model": "electricity:block/overclock/0/101001"}}, {"threshold": 2042, "model": {"type": "model", "model": "electricity:block/overclock/0/101010"}}, {"threshold": 2043, "model": {"type": "model", "model": "electricity:block/overclock/0/101011"}}, {"threshold": 2044, "model": {"type": "model", "model": "electricity:block/overclock/0/101100"}}, {"threshold": 2045, "model": {"type": "model", "model": "electricity:block/overclock/0/101101"}}, {"threshold": 2046, "model": {"type": "model", "model": "electricity:block/overclock/0/101110"}}, {"threshold": 2047, "model": {"type": "model", "model": "electricity:block/overclock/0/101111"}}, {"threshold": 2048, "model": {"type": "model", "model": "electricity:block/overclock/0/110000"}}, {"threshold": 2049, "model": {"type": "model", "model": "electricity:block/overclock/0/110001"}}, {"threshold": 2050, "model": {"type": "model", "model": "electricity:block/overclock/0/110010"}}, {"threshold": 2051, "model": {"type": "model", "model": "electricity:block/overclock/0/110011"}}, {"threshold": 2052, "model": {"type": "model", "model": "electricity:block/overclock/0/110100"}}, {"threshold": 2053, "model": {"type": "model", "model": "electricity:block/overclock/0/110101"}}, {"threshold": 2054, "model": {"type": "model", "model": "electricity:block/overclock/0/110110"}}, {"threshold": 2055, "model": {"type": "model", "model": "electricity:block/overclock/0/110111"}}, {"threshold": 2056, "model": {"type": "model", "model": "electricity:block/overclock/0/111000"}}, {"threshold": 2057, "model": {"type": "model", "model": "electricity:block/overclock/0/111001"}}, {"threshold": 2058, "model": {"type": "model", "model": "electricity:block/overclock/0/111010"}}, {"threshold": 2059, "model": {"type": "model", "model": "electricity:block/overclock/0/111011"}}, {"threshold": 2060, "model": {"type": "model", "model": "electricity:block/overclock/0/111100"}}, {"threshold": 2061, "model": {"type": "model", "model": "electricity:block/overclock/0/111101"}}, {"threshold": 2062, "model": {"type": "model", "model": "electricity:block/overclock/0/111110"}}, {"threshold": 2063, "model": {"type": "model", "model": "electricity:block/overclock/0/111111"}}, {"threshold": 2100, "model": {"type": "model", "model": "electricity:block/overclock/1/000000"}}, {"threshold": 2101, "model": {"type": "model", "model": "electricity:block/overclock/1/000001"}}, {"threshold": 2102, "model": {"type": "model", "model": "electricity:block/overclock/1/000010"}}, {"threshold": 2103, "model": {"type": "model", "model": "electricity:block/overclock/1/000011"}}, {"threshold": 2104, "model": {"type": "model", "model": "electricity:block/overclock/1/000100"}}, {"threshold": 2105, "model": {"type": "model", "model": "electricity:block/overclock/1/000101"}}, {"threshold": 2106, "model": {"type": "model", "model": "electricity:block/overclock/1/000110"}}, {"threshold": 2107, "model": {"type": "model", "model": "electricity:block/overclock/1/000111"}}, {"threshold": 2108, "model": {"type": "model", "model": "electricity:block/overclock/1/001000"}}, {"threshold": 2109, "model": {"type": "model", "model": "electricity:block/overclock/1/001001"}}, {"threshold": 2110, "model": {"type": "model", "model": "electricity:block/overclock/1/001010"}}, {"threshold": 2111, "model": {"type": "model", "model": "electricity:block/overclock/1/001011"}}, {"threshold": 2112, "model": {"type": "model", "model": "electricity:block/overclock/1/001100"}}, {"threshold": 2113, "model": {"type": "model", "model": "electricity:block/overclock/1/001101"}}, {"threshold": 2114, "model": {"type": "model", "model": "electricity:block/overclock/1/001110"}}, {"threshold": 2115, "model": {"type": "model", "model": "electricity:block/overclock/1/001111"}}, {"threshold": 2116, "model": {"type": "model", "model": "electricity:block/overclock/1/010000"}}, {"threshold": 2117, "model": {"type": "model", "model": "electricity:block/overclock/1/010001"}}, {"threshold": 2118, "model": {"type": "model", "model": "electricity:block/overclock/1/010010"}}, {"threshold": 2119, "model": {"type": "model", "model": "electricity:block/overclock/1/010011"}}, {"threshold": 2120, "model": {"type": "model", "model": "electricity:block/overclock/1/010100"}}, {"threshold": 2121, "model": {"type": "model", "model": "electricity:block/overclock/1/010101"}}, {"threshold": 2122, "model": {"type": "model", "model": "electricity:block/overclock/1/010110"}}, {"threshold": 2123, "model": {"type": "model", "model": "electricity:block/overclock/1/010111"}}, {"threshold": 2124, "model": {"type": "model", "model": "electricity:block/overclock/1/011000"}}, {"threshold": 2125, "model": {"type": "model", "model": "electricity:block/overclock/1/011001"}}, {"threshold": 2126, "model": {"type": "model", "model": "electricity:block/overclock/1/011010"}}, {"threshold": 2127, "model": {"type": "model", "model": "electricity:block/overclock/1/011011"}}, {"threshold": 2128, "model": {"type": "model", "model": "electricity:block/overclock/1/011100"}}, {"threshold": 2129, "model": {"type": "model", "model": "electricity:block/overclock/1/011101"}}, {"threshold": 2130, "model": {"type": "model", "model": "electricity:block/overclock/1/011110"}}, {"threshold": 2131, "model": {"type": "model", "model": "electricity:block/overclock/1/011111"}}, {"threshold": 2132, "model": {"type": "model", "model": "electricity:block/overclock/1/100000"}}, {"threshold": 2133, "model": {"type": "model", "model": "electricity:block/overclock/1/100001"}}, {"threshold": 2134, "model": {"type": "model", "model": "electricity:block/overclock/1/100010"}}, {"threshold": 2135, "model": {"type": "model", "model": "electricity:block/overclock/1/100011"}}, {"threshold": 2136, "model": {"type": "model", "model": "electricity:block/overclock/1/100100"}}, {"threshold": 2137, "model": {"type": "model", "model": "electricity:block/overclock/1/100101"}}, {"threshold": 2138, "model": {"type": "model", "model": "electricity:block/overclock/1/100110"}}, {"threshold": 2139, "model": {"type": "model", "model": "electricity:block/overclock/1/100111"}}, {"threshold": 2140, "model": {"type": "model", "model": "electricity:block/overclock/1/101000"}}, {"threshold": 2141, "model": {"type": "model", "model": "electricity:block/overclock/1/101001"}}, {"threshold": 2142, "model": {"type": "model", "model": "electricity:block/overclock/1/101010"}}, {"threshold": 2143, "model": {"type": "model", "model": "electricity:block/overclock/1/101011"}}, {"threshold": 2144, "model": {"type": "model", "model": "electricity:block/overclock/1/101100"}}, {"threshold": 2145, "model": {"type": "model", "model": "electricity:block/overclock/1/101101"}}, {"threshold": 2146, "model": {"type": "model", "model": "electricity:block/overclock/1/101110"}}, {"threshold": 2147, "model": {"type": "model", "model": "electricity:block/overclock/1/101111"}}, {"threshold": 2148, "model": {"type": "model", "model": "electricity:block/overclock/1/110000"}}, {"threshold": 2149, "model": {"type": "model", "model": "electricity:block/overclock/1/110001"}}, {"threshold": 2150, "model": {"type": "model", "model": "electricity:block/overclock/1/110010"}}, {"threshold": 2151, "model": {"type": "model", "model": "electricity:block/overclock/1/110011"}}, {"threshold": 2152, "model": {"type": "model", "model": "electricity:block/overclock/1/110100"}}, {"threshold": 2153, "model": {"type": "model", "model": "electricity:block/overclock/1/110101"}}, {"threshold": 2154, "model": {"type": "model", "model": "electricity:block/overclock/1/110110"}}, {"threshold": 2155, "model": {"type": "model", "model": "electricity:block/overclock/1/110111"}}, {"threshold": 2156, "model": {"type": "model", "model": "electricity:block/overclock/1/111000"}}, {"threshold": 2157, "model": {"type": "model", "model": "electricity:block/overclock/1/111001"}}, {"threshold": 2158, "model": {"type": "model", "model": "electricity:block/overclock/1/111010"}}, {"threshold": 2159, "model": {"type": "model", "model": "electricity:block/overclock/1/111011"}}, {"threshold": 2160, "model": {"type": "model", "model": "electricity:block/overclock/1/111100"}}, {"threshold": 2161, "model": {"type": "model", "model": "electricity:block/overclock/1/111101"}}, {"threshold": 2162, "model": {"type": "model", "model": "electricity:block/overclock/1/111110"}}, {"threshold": 2163, "model": {"type": "model", "model": "electricity:block/overclock/1/111111"}}, {"threshold": 2200, "model": {"type": "model", "model": "electricity:block/overclock/2/000000"}}, {"threshold": 2201, "model": {"type": "model", "model": "electricity:block/overclock/2/000001"}}, {"threshold": 2202, "model": {"type": "model", "model": "electricity:block/overclock/2/000010"}}, {"threshold": 2203, "model": {"type": "model", "model": "electricity:block/overclock/2/000011"}}, {"threshold": 2204, "model": {"type": "model", "model": "electricity:block/overclock/2/000100"}}, {"threshold": 2205, "model": {"type": "model", "model": "electricity:block/overclock/2/000101"}}, {"threshold": 2206, "model": {"type": "model", "model": "electricity:block/overclock/2/000110"}}, {"threshold": 2207, "model": {"type": "model", "model": "electricity:block/overclock/2/000111"}}, {"threshold": 2208, "model": {"type": "model", "model": "electricity:block/overclock/2/001000"}}, {"threshold": 2209, "model": {"type": "model", "model": "electricity:block/overclock/2/001001"}}, {"threshold": 2210, "model": {"type": "model", "model": "electricity:block/overclock/2/001010"}}, {"threshold": 2211, "model": {"type": "model", "model": "electricity:block/overclock/2/001011"}}, {"threshold": 2212, "model": {"type": "model", "model": "electricity:block/overclock/2/001100"}}, {"threshold": 2213, "model": {"type": "model", "model": "electricity:block/overclock/2/001101"}}, {"threshold": 2214, "model": {"type": "model", "model": "electricity:block/overclock/2/001110"}}, {"threshold": 2215, "model": {"type": "model", "model": "electricity:block/overclock/2/001111"}}, {"threshold": 2216, "model": {"type": "model", "model": "electricity:block/overclock/2/010000"}}, {"threshold": 2217, "model": {"type": "model", "model": "electricity:block/overclock/2/010001"}}, {"threshold": 2218, "model": {"type": "model", "model": "electricity:block/overclock/2/010010"}}, {"threshold": 2219, "model": {"type": "model", "model": "electricity:block/overclock/2/010011"}}, {"threshold": 2220, "model": {"type": "model", "model": "electricity:block/overclock/2/010100"}}, {"threshold": 2221, "model": {"type": "model", "model": "electricity:block/overclock/2/010101"}}, {"threshold": 2222, "model": {"type": "model", "model": "electricity:block/overclock/2/010110"}}, {"threshold": 2223, "model": {"type": "model", "model": "electricity:block/overclock/2/010111"}}, {"threshold": 2224, "model": {"type": "model", "model": "electricity:block/overclock/2/011000"}}, {"threshold": 2225, "model": {"type": "model", "model": "electricity:block/overclock/2/011001"}}, {"threshold": 2226, "model": {"type": "model", "model": "electricity:block/overclock/2/011010"}}, {"threshold": 2227, "model": {"type": "model", "model": "electricity:block/overclock/2/011011"}}, {"threshold": 2228, "model": {"type": "model", "model": "electricity:block/overclock/2/011100"}}, {"threshold": 2229, "model": {"type": "model", "model": "electricity:block/overclock/2/011101"}}, {"threshold": 2230, "model": {"type": "model", "model": "electricity:block/overclock/2/011110"}}, {"threshold": 2231, "model": {"type": "model", "model": "electricity:block/overclock/2/011111"}}, {"threshold": 2232, "model": {"type": "model", "model": "electricity:block/overclock/2/100000"}}, {"threshold": 2233, "model": {"type": "model", "model": "electricity:block/overclock/2/100001"}}, {"threshold": 2234, "model": {"type": "model", "model": "electricity:block/overclock/2/100010"}}, {"threshold": 2235, "model": {"type": "model", "model": "electricity:block/overclock/2/100011"}}, {"threshold": 2236, "model": {"type": "model", "model": "electricity:block/overclock/2/100100"}}, {"threshold": 2237, "model": {"type": "model", "model": "electricity:block/overclock/2/100101"}}, {"threshold": 2238, "model": {"type": "model", "model": "electricity:block/overclock/2/100110"}}, {"threshold": 2239, "model": {"type": "model", "model": "electricity:block/overclock/2/100111"}}, {"threshold": 2240, "model": {"type": "model", "model": "electricity:block/overclock/2/101000"}}, {"threshold": 2241, "model": {"type": "model", "model": "electricity:block/overclock/2/101001"}}, {"threshold": 2242, "model": {"type": "model", "model": "electricity:block/overclock/2/101010"}}, {"threshold": 2243, "model": {"type": "model", "model": "electricity:block/overclock/2/101011"}}, {"threshold": 2244, "model": {"type": "model", "model": "electricity:block/overclock/2/101100"}}, {"threshold": 2245, "model": {"type": "model", "model": "electricity:block/overclock/2/101101"}}, {"threshold": 2246, "model": {"type": "model", "model": "electricity:block/overclock/2/101110"}}, {"threshold": 2247, "model": {"type": "model", "model": "electricity:block/overclock/2/101111"}}, {"threshold": 2248, "model": {"type": "model", "model": "electricity:block/overclock/2/110000"}}, {"threshold": 2249, "model": {"type": "model", "model": "electricity:block/overclock/2/110001"}}, {"threshold": 2250, "model": {"type": "model", "model": "electricity:block/overclock/2/110010"}}, {"threshold": 2251, "model": {"type": "model", "model": "electricity:block/overclock/2/110011"}}, {"threshold": 2252, "model": {"type": "model", "model": "electricity:block/overclock/2/110100"}}, {"threshold": 2253, "model": {"type": "model", "model": "electricity:block/overclock/2/110101"}}, {"threshold": 2254, "model": {"type": "model", "model": "electricity:block/overclock/2/110110"}}, {"threshold": 2255, "model": {"type": "model", "model": "electricity:block/overclock/2/110111"}}, {"threshold": 2256, "model": {"type": "model", "model": "electricity:block/overclock/2/111000"}}, {"threshold": 2257, "model": {"type": "model", "model": "electricity:block/overclock/2/111001"}}, {"threshold": 2258, "model": {"type": "model", "model": "electricity:block/overclock/2/111010"}}, {"threshold": 2259, "model": {"type": "model", "model": "electricity:block/overclock/2/111011"}}, {"threshold": 2260, "model": {"type": "model", "model": "electricity:block/overclock/2/111100"}}, {"threshold": 2261, "model": {"type": "model", "model": "electricity:block/overclock/2/111101"}}, {"threshold": 2262, "model": {"type": "model", "model": "electricity:block/overclock/2/111110"}}, {"threshold": 2263, "model": {"type": "model", "model": "electricity:block/overclock/2/111111"}}, {"threshold": 2300, "model": {"type": "model", "model": "electricity:block/overclock/3/000000"}}, {"threshold": 2301, "model": {"type": "model", "model": "electricity:block/overclock/3/000001"}}, {"threshold": 2302, "model": {"type": "model", "model": "electricity:block/overclock/3/000010"}}, {"threshold": 2303, "model": {"type": "model", "model": "electricity:block/overclock/3/000011"}}, {"threshold": 2304, "model": {"type": "model", "model": "electricity:block/overclock/3/000100"}}, {"threshold": 2305, "model": {"type": "model", "model": "electricity:block/overclock/3/000101"}}, {"threshold": 2306, "model": {"type": "model", "model": "electricity:block/overclock/3/000110"}}, {"threshold": 2307, "model": {"type": "model", "model": "electricity:block/overclock/3/000111"}}, {"threshold": 2308, "model": {"type": "model", "model": "electricity:block/overclock/3/001000"}}, {"threshold": 2309, "model": {"type": "model", "model": "electricity:block/overclock/3/001001"}}, {"threshold": 2310, "model": {"type": "model", "model": "electricity:block/overclock/3/001010"}}, {"threshold": 2311, "model": {"type": "model", "model": "electricity:block/overclock/3/001011"}}, {"threshold": 2312, "model": {"type": "model", "model": "electricity:block/overclock/3/001100"}}, {"threshold": 2313, "model": {"type": "model", "model": "electricity:block/overclock/3/001101"}}, {"threshold": 2314, "model": {"type": "model", "model": "electricity:block/overclock/3/001110"}}, {"threshold": 2315, "model": {"type": "model", "model": "electricity:block/overclock/3/001111"}}, {"threshold": 2316, "model": {"type": "model", "model": "electricity:block/overclock/3/010000"}}, {"threshold": 2317, "model": {"type": "model", "model": "electricity:block/overclock/3/010001"}}, {"threshold": 2318, "model": {"type": "model", "model": "electricity:block/overclock/3/010010"}}, {"threshold": 2319, "model": {"type": "model", "model": "electricity:block/overclock/3/010011"}}, {"threshold": 2320, "model": {"type": "model", "model": "electricity:block/overclock/3/010100"}}, {"threshold": 2321, "model": {"type": "model", "model": "electricity:block/overclock/3/010101"}}, {"threshold": 2322, "model": {"type": "model", "model": "electricity:block/overclock/3/010110"}}, {"threshold": 2323, "model": {"type": "model", "model": "electricity:block/overclock/3/010111"}}, {"threshold": 2324, "model": {"type": "model", "model": "electricity:block/overclock/3/011000"}}, {"threshold": 2325, "model": {"type": "model", "model": "electricity:block/overclock/3/011001"}}, {"threshold": 2326, "model": {"type": "model", "model": "electricity:block/overclock/3/011010"}}, {"threshold": 2327, "model": {"type": "model", "model": "electricity:block/overclock/3/011011"}}, {"threshold": 2328, "model": {"type": "model", "model": "electricity:block/overclock/3/011100"}}, {"threshold": 2329, "model": {"type": "model", "model": "electricity:block/overclock/3/011101"}}, {"threshold": 2330, "model": {"type": "model", "model": "electricity:block/overclock/3/011110"}}, {"threshold": 2331, "model": {"type": "model", "model": "electricity:block/overclock/3/011111"}}, {"threshold": 2332, "model": {"type": "model", "model": "electricity:block/overclock/3/100000"}}, {"threshold": 2333, "model": {"type": "model", "model": "electricity:block/overclock/3/100001"}}, {"threshold": 2334, "model": {"type": "model", "model": "electricity:block/overclock/3/100010"}}, {"threshold": 2335, "model": {"type": "model", "model": "electricity:block/overclock/3/100011"}}, {"threshold": 2336, "model": {"type": "model", "model": "electricity:block/overclock/3/100100"}}, {"threshold": 2337, "model": {"type": "model", "model": "electricity:block/overclock/3/100101"}}, {"threshold": 2338, "model": {"type": "model", "model": "electricity:block/overclock/3/100110"}}, {"threshold": 2339, "model": {"type": "model", "model": "electricity:block/overclock/3/100111"}}, {"threshold": 2340, "model": {"type": "model", "model": "electricity:block/overclock/3/101000"}}, {"threshold": 2341, "model": {"type": "model", "model": "electricity:block/overclock/3/101001"}}, {"threshold": 2342, "model": {"type": "model", "model": "electricity:block/overclock/3/101010"}}, {"threshold": 2343, "model": {"type": "model", "model": "electricity:block/overclock/3/101011"}}, {"threshold": 2344, "model": {"type": "model", "model": "electricity:block/overclock/3/101100"}}, {"threshold": 2345, "model": {"type": "model", "model": "electricity:block/overclock/3/101101"}}, {"threshold": 2346, "model": {"type": "model", "model": "electricity:block/overclock/3/101110"}}, {"threshold": 2347, "model": {"type": "model", "model": "electricity:block/overclock/3/101111"}}, {"threshold": 2348, "model": {"type": "model", "model": "electricity:block/overclock/3/110000"}}, {"threshold": 2349, "model": {"type": "model", "model": "electricity:block/overclock/3/110001"}}, {"threshold": 2350, "model": {"type": "model", "model": "electricity:block/overclock/3/110010"}}, {"threshold": 2351, "model": {"type": "model", "model": "electricity:block/overclock/3/110011"}}, {"threshold": 2352, "model": {"type": "model", "model": "electricity:block/overclock/3/110100"}}, {"threshold": 2353, "model": {"type": "model", "model": "electricity:block/overclock/3/110101"}}, {"threshold": 2354, "model": {"type": "model", "model": "electricity:block/overclock/3/110110"}}, {"threshold": 2355, "model": {"type": "model", "model": "electricity:block/overclock/3/110111"}}, {"threshold": 2356, "model": {"type": "model", "model": "electricity:block/overclock/3/111000"}}, {"threshold": 2357, "model": {"type": "model", "model": "electricity:block/overclock/3/111001"}}, {"threshold": 2358, "model": {"type": "model", "model": "electricity:block/overclock/3/111010"}}, {"threshold": 2359, "model": {"type": "model", "model": "electricity:block/overclock/3/111011"}}, {"threshold": 2360, "model": {"type": "model", "model": "electricity:block/overclock/3/111100"}}, {"threshold": 2361, "model": {"type": "model", "model": "electricity:block/overclock/3/111101"}}, {"threshold": 2362, "model": {"type": "model", "model": "electricity:block/overclock/3/111110"}}, {"threshold": 2363, "model": {"type": "model", "model": "electricity:block/overclock/3/111111"}}, {"threshold": 2400, "model": {"type": "model", "model": "electricity:block/overclock/4/000000"}}, {"threshold": 2401, "model": {"type": "model", "model": "electricity:block/overclock/4/000001"}}, {"threshold": 2402, "model": {"type": "model", "model": "electricity:block/overclock/4/000010"}}, {"threshold": 2403, "model": {"type": "model", "model": "electricity:block/overclock/4/000011"}}, {"threshold": 2404, "model": {"type": "model", "model": "electricity:block/overclock/4/000100"}}, {"threshold": 2405, "model": {"type": "model", "model": "electricity:block/overclock/4/000101"}}, {"threshold": 2406, "model": {"type": "model", "model": "electricity:block/overclock/4/000110"}}, {"threshold": 2407, "model": {"type": "model", "model": "electricity:block/overclock/4/000111"}}, {"threshold": 2408, "model": {"type": "model", "model": "electricity:block/overclock/4/001000"}}, {"threshold": 2409, "model": {"type": "model", "model": "electricity:block/overclock/4/001001"}}, {"threshold": 2410, "model": {"type": "model", "model": "electricity:block/overclock/4/001010"}}, {"threshold": 2411, "model": {"type": "model", "model": "electricity:block/overclock/4/001011"}}, {"threshold": 2412, "model": {"type": "model", "model": "electricity:block/overclock/4/001100"}}, {"threshold": 2413, "model": {"type": "model", "model": "electricity:block/overclock/4/001101"}}, {"threshold": 2414, "model": {"type": "model", "model": "electricity:block/overclock/4/001110"}}, {"threshold": 2415, "model": {"type": "model", "model": "electricity:block/overclock/4/001111"}}, {"threshold": 2416, "model": {"type": "model", "model": "electricity:block/overclock/4/010000"}}, {"threshold": 2417, "model": {"type": "model", "model": "electricity:block/overclock/4/010001"}}, {"threshold": 2418, "model": {"type": "model", "model": "electricity:block/overclock/4/010010"}}, {"threshold": 2419, "model": {"type": "model", "model": "electricity:block/overclock/4/010011"}}, {"threshold": 2420, "model": {"type": "model", "model": "electricity:block/overclock/4/010100"}}, {"threshold": 2421, "model": {"type": "model", "model": "electricity:block/overclock/4/010101"}}, {"threshold": 2422, "model": {"type": "model", "model": "electricity:block/overclock/4/010110"}}, {"threshold": 2423, "model": {"type": "model", "model": "electricity:block/overclock/4/010111"}}, {"threshold": 2424, "model": {"type": "model", "model": "electricity:block/overclock/4/011000"}}, {"threshold": 2425, "model": {"type": "model", "model": "electricity:block/overclock/4/011001"}}, {"threshold": 2426, "model": {"type": "model", "model": "electricity:block/overclock/4/011010"}}, {"threshold": 2427, "model": {"type": "model", "model": "electricity:block/overclock/4/011011"}}, {"threshold": 2428, "model": {"type": "model", "model": "electricity:block/overclock/4/011100"}}, {"threshold": 2429, "model": {"type": "model", "model": "electricity:block/overclock/4/011101"}}, {"threshold": 2430, "model": {"type": "model", "model": "electricity:block/overclock/4/011110"}}, {"threshold": 2431, "model": {"type": "model", "model": "electricity:block/overclock/4/011111"}}, {"threshold": 2432, "model": {"type": "model", "model": "electricity:block/overclock/4/100000"}}, {"threshold": 2433, "model": {"type": "model", "model": "electricity:block/overclock/4/100001"}}, {"threshold": 2434, "model": {"type": "model", "model": "electricity:block/overclock/4/100010"}}, {"threshold": 2435, "model": {"type": "model", "model": "electricity:block/overclock/4/100011"}}, {"threshold": 2436, "model": {"type": "model", "model": "electricity:block/overclock/4/100100"}}, {"threshold": 2437, "model": {"type": "model", "model": "electricity:block/overclock/4/100101"}}, {"threshold": 2438, "model": {"type": "model", "model": "electricity:block/overclock/4/100110"}}, {"threshold": 2439, "model": {"type": "model", "model": "electricity:block/overclock/4/100111"}}, {"threshold": 2440, "model": {"type": "model", "model": "electricity:block/overclock/4/101000"}}, {"threshold": 2441, "model": {"type": "model", "model": "electricity:block/overclock/4/101001"}}, {"threshold": 2442, "model": {"type": "model", "model": "electricity:block/overclock/4/101010"}}, {"threshold": 2443, "model": {"type": "model", "model": "electricity:block/overclock/4/101011"}}, {"threshold": 2444, "model": {"type": "model", "model": "electricity:block/overclock/4/101100"}}, {"threshold": 2445, "model": {"type": "model", "model": "electricity:block/overclock/4/101101"}}, {"threshold": 2446, "model": {"type": "model", "model": "electricity:block/overclock/4/101110"}}, {"threshold": 2447, "model": {"type": "model", "model": "electricity:block/overclock/4/101111"}}, {"threshold": 2448, "model": {"type": "model", "model": "electricity:block/overclock/4/110000"}}, {"threshold": 2449, "model": {"type": "model", "model": "electricity:block/overclock/4/110001"}}, {"threshold": 2450, "model": {"type": "model", "model": "electricity:block/overclock/4/110010"}}, {"threshold": 2451, "model": {"type": "model", "model": "electricity:block/overclock/4/110011"}}, {"threshold": 2452, "model": {"type": "model", "model": "electricity:block/overclock/4/110100"}}, {"threshold": 2453, "model": {"type": "model", "model": "electricity:block/overclock/4/110101"}}, {"threshold": 2454, "model": {"type": "model", "model": "electricity:block/overclock/4/110110"}}, {"threshold": 2455, "model": {"type": "model", "model": "electricity:block/overclock/4/110111"}}, {"threshold": 2456, "model": {"type": "model", "model": "electricity:block/overclock/4/111000"}}, {"threshold": 2457, "model": {"type": "model", "model": "electricity:block/overclock/4/111001"}}, {"threshold": 2458, "model": {"type": "model", "model": "electricity:block/overclock/4/111010"}}, {"threshold": 2459, "model": {"type": "model", "model": "electricity:block/overclock/4/111011"}}, {"threshold": 2460, "model": {"type": "model", "model": "electricity:block/overclock/4/111100"}}, {"threshold": 2461, "model": {"type": "model", "model": "electricity:block/overclock/4/111101"}}, {"threshold": 2462, "model": {"type": "model", "model": "electricity:block/overclock/4/111110"}}, {"threshold": 2463, "model": {"type": "model", "model": "electricity:block/overclock/4/111111"}}]}}