{"model": {"type": "range_dispatch", "property": "custom_model_data", "fallback": {"type": "model", "model": "item/chainmail_helmet"}, "entries": [{"threshold": 210, "model": {"type": "model", "model": "electricity:item/armor/nano/helmet"}}, {"threshold": 220, "model": {"type": "model", "model": "electricity:item/armor/quantum/helmet"}}, {"threshold": 300, "model": {"type": "model", "model": "bees:item/armor/apiarist_helmet"}}, {"threshold": 1002000, "model": {"type": "model", "model": "customization:item/armor/nano/red_helmet"}}, {"threshold": 1002001, "model": {"type": "model", "model": "customization:item/armor/nano/light_blue_helmet"}}, {"threshold": 1002002, "model": {"type": "model", "model": "customization:item/armor/nano/purple_helmet"}}, {"threshold": 1002003, "model": {"type": "model", "model": "customization:item/armor/nano/gray_helmet"}}, {"threshold": 1002004, "model": {"type": "model", "model": "customization:item/armor/nano/blue_helmet"}}, {"threshold": 1002005, "model": {"type": "model", "model": "customization:item/armor/nano/yellow_helmet"}}, {"threshold": 1002020, "model": {"type": "model", "model": "customization:item/armor/nano/steampunk_helmet"}}, {"threshold": 1002021, "model": {"type": "model", "model": "customization:item/armor/nano/uranium_helmet"}}, {"threshold": 1002100, "model": {"type": "model", "model": "customization:item/armor/quantum/red_helmet"}}, {"threshold": 1002101, "model": {"type": "model", "model": "customization:item/armor/quantum/light_blue_helmet"}}, {"threshold": 1002102, "model": {"type": "model", "model": "customization:item/armor/quantum/purple_helmet"}}, {"threshold": 1002103, "model": {"type": "model", "model": "customization:item/armor/quantum/gray_helmet"}}, {"threshold": 1002104, "model": {"type": "model", "model": "customization:item/armor/quantum/blue_helmet"}}, {"threshold": 1002105, "model": {"type": "model", "model": "customization:item/armor/quantum/yellow_helmet"}}, {"threshold": 1002120, "model": {"type": "model", "model": "customization:item/armor/quantum/steampunk_helmet"}}, {"threshold": 1002121, "model": {"type": "model", "model": "customization:item/armor/quantum/uranium_helmet"}}, {"threshold": 1002130, "model": {"type": "model", "model": "customization:item/armor/quantum/old_helmet"}}]}}