{"model": {"type": "range_dispatch", "property": "custom_model_data", "fallback": {"type": "model", "model": "minecraft:block/cherry_sapling"}, "entries": [{"threshold": 1, "model": {"type": "model", "model": "pipes:block/filter/bronze/north"}}, {"threshold": 2, "model": {"type": "model", "model": "pipes:block/filter/bronze/east"}}, {"threshold": 3, "model": {"type": "model", "model": "pipes:block/filter/bronze/south"}}, {"threshold": 4, "model": {"type": "model", "model": "pipes:block/filter/bronze/west"}}, {"threshold": 5, "model": {"type": "model", "model": "pipes:block/filter/bronze/up"}}, {"threshold": 6, "model": {"type": "model", "model": "pipes:block/filter/bronze/down"}}, {"threshold": 7, "model": {"type": "model", "model": "pipes:block/filter/iron/north"}}, {"threshold": 8, "model": {"type": "model", "model": "pipes:block/filter/iron/east"}}, {"threshold": 9, "model": {"type": "model", "model": "pipes:block/filter/iron/south"}}, {"threshold": 10, "model": {"type": "model", "model": "pipes:block/filter/iron/west"}}, {"threshold": 11, "model": {"type": "model", "model": "pipes:block/filter/iron/up"}}, {"threshold": 12, "model": {"type": "model", "model": "pipes:block/filter/iron/down"}}, {"threshold": 13, "model": {"type": "model", "model": "pipes:block/filter/golden/north"}}, {"threshold": 14, "model": {"type": "model", "model": "pipes:block/filter/golden/east"}}, {"threshold": 15, "model": {"type": "model", "model": "pipes:block/filter/golden/south"}}, {"threshold": 16, "model": {"type": "model", "model": "pipes:block/filter/golden/west"}}, {"threshold": 17, "model": {"type": "model", "model": "pipes:block/filter/golden/up"}}, {"threshold": 18, "model": {"type": "model", "model": "pipes:block/filter/golden/down"}}, {"threshold": 19, "model": {"type": "model", "model": "pipes:block/filter/chromium/north"}}, {"threshold": 20, "model": {"type": "model", "model": "pipes:block/filter/chromium/east"}}, {"threshold": 21, "model": {"type": "model", "model": "pipes:block/filter/chromium/south"}}, {"threshold": 22, "model": {"type": "model", "model": "pipes:block/filter/chromium/west"}}, {"threshold": 23, "model": {"type": "model", "model": "pipes:block/filter/chromium/up"}}, {"threshold": 24, "model": {"type": "model", "model": "pipes:block/filter/chromium/down"}}, {"threshold": 25, "model": {"type": "model", "model": "pipes:block/filter/diamond/north"}}]}}