{"model": {"type": "range_dispatch", "property": "custom_model_data", "fallback": {"type": "model", "model": "minecraft:block/cherry_planks"}, "entries": [{"threshold": 1, "model": {"type": "model", "model": "pipes:block/golden/item/001000"}}, {"threshold": 2, "model": {"type": "model", "model": "pipes:block/golden/item/001001"}}, {"threshold": 3, "model": {"type": "model", "model": "pipes:block/golden/item/001010"}}, {"threshold": 4, "model": {"type": "model", "model": "pipes:block/golden/item/001011"}}, {"threshold": 5, "model": {"type": "model", "model": "pipes:block/golden/item/001100"}}, {"threshold": 6, "model": {"type": "model", "model": "pipes:block/golden/item/001101"}}, {"threshold": 7, "model": {"type": "model", "model": "pipes:block/golden/item/001110"}}, {"threshold": 8, "model": {"type": "model", "model": "pipes:block/golden/item/001111"}}, {"threshold": 9, "model": {"type": "model", "model": "pipes:block/golden/item/010000"}}, {"threshold": 10, "model": {"type": "model", "model": "pipes:block/golden/item/010001"}}, {"threshold": 11, "model": {"type": "model", "model": "pipes:block/golden/item/010010"}}, {"threshold": 12, "model": {"type": "model", "model": "pipes:block/golden/item/010011"}}, {"threshold": 13, "model": {"type": "model", "model": "pipes:block/golden/item/010100"}}, {"threshold": 14, "model": {"type": "model", "model": "pipes:block/golden/item/010101"}}, {"threshold": 15, "model": {"type": "model", "model": "pipes:block/golden/item/010110"}}, {"threshold": 16, "model": {"type": "model", "model": "pipes:block/golden/item/010111"}}, {"threshold": 17, "model": {"type": "model", "model": "pipes:block/golden/item/011000"}}, {"threshold": 18, "model": {"type": "model", "model": "pipes:block/golden/item/011001"}}, {"threshold": 19, "model": {"type": "model", "model": "pipes:block/golden/item/011010"}}, {"threshold": 20, "model": {"type": "model", "model": "pipes:block/golden/item/011011"}}, {"threshold": 21, "model": {"type": "model", "model": "pipes:block/golden/item/011100"}}, {"threshold": 22, "model": {"type": "model", "model": "pipes:block/golden/item/011101"}}, {"threshold": 23, "model": {"type": "model", "model": "pipes:block/golden/item/011110"}}, {"threshold": 24, "model": {"type": "model", "model": "pipes:block/golden/item/011111"}}, {"threshold": 25, "model": {"type": "model", "model": "pipes:block/golden/item/100000"}}]}}