{"model": {"type": "range_dispatch", "property": "custom_model_data", "fallback": {"type": "model", "model": "minecraft:block/coal_ore"}, "entries": [{"threshold": 1, "model": {"type": "model", "model": "pipes:block/iron/fluid/100010"}}, {"threshold": 2, "model": {"type": "model", "model": "pipes:block/iron/fluid/100011"}}, {"threshold": 3, "model": {"type": "model", "model": "pipes:block/iron/fluid/100100"}}, {"threshold": 4, "model": {"type": "model", "model": "pipes:block/iron/fluid/100101"}}, {"threshold": 5, "model": {"type": "model", "model": "pipes:block/iron/fluid/100110"}}, {"threshold": 6, "model": {"type": "model", "model": "pipes:block/iron/fluid/100111"}}, {"threshold": 7, "model": {"type": "model", "model": "pipes:block/iron/fluid/101000"}}, {"threshold": 8, "model": {"type": "model", "model": "pipes:block/iron/fluid/101001"}}, {"threshold": 9, "model": {"type": "model", "model": "pipes:block/iron/fluid/101010"}}, {"threshold": 10, "model": {"type": "model", "model": "pipes:block/iron/fluid/101011"}}, {"threshold": 11, "model": {"type": "model", "model": "pipes:block/iron/fluid/101100"}}, {"threshold": 12, "model": {"type": "model", "model": "pipes:block/iron/fluid/101101"}}, {"threshold": 13, "model": {"type": "model", "model": "pipes:block/iron/fluid/101110"}}, {"threshold": 14, "model": {"type": "model", "model": "pipes:block/iron/fluid/101111"}}, {"threshold": 15, "model": {"type": "model", "model": "pipes:block/iron/fluid/110000"}}, {"threshold": 16, "model": {"type": "model", "model": "pipes:block/iron/fluid/110001"}}, {"threshold": 17, "model": {"type": "model", "model": "pipes:block/iron/fluid/110010"}}, {"threshold": 18, "model": {"type": "model", "model": "pipes:block/iron/fluid/110011"}}, {"threshold": 19, "model": {"type": "model", "model": "pipes:block/iron/fluid/110100"}}, {"threshold": 20, "model": {"type": "model", "model": "pipes:block/iron/fluid/110101"}}, {"threshold": 21, "model": {"type": "model", "model": "pipes:block/iron/fluid/110110"}}, {"threshold": 22, "model": {"type": "model", "model": "pipes:block/iron/fluid/110111"}}, {"threshold": 23, "model": {"type": "model", "model": "pipes:block/iron/fluid/111000"}}, {"threshold": 24, "model": {"type": "model", "model": "pipes:block/iron/fluid/111001"}}, {"threshold": 25, "model": {"type": "model", "model": "pipes:block/iron/fluid/111010"}}]}}