{"model": {"type": "range_dispatch", "property": "custom_model_data", "fallback": {"type": "model", "model": "minecraft:block/coarse_dirt"}, "entries": [{"threshold": 1, "model": {"type": "model", "model": "steam:block/generator_on"}}, {"threshold": 2, "model": {"type": "model", "model": "steam:block/boiler/valve"}}, {"threshold": 3, "model": {"type": "model", "model": "steam:block/boiler/cladding"}}, {"threshold": 4, "model": {"type": "model", "model": "steam:block/boiler/glass"}}, {"threshold": 5, "model": {"type": "model", "model": "steam:block/boiler/pipe_in"}}, {"threshold": 6, "model": {"type": "model", "model": "steam:block/boiler/pipe_out"}}, {"threshold": 7, "model": {"type": "model", "model": "steam:block/water_pump/0"}}, {"threshold": 8, "model": {"type": "model", "model": "steam:block/water_pump/1"}}, {"threshold": 9, "model": {"type": "model", "model": "steam:block/water_pump/2"}}, {"threshold": 10, "model": {"type": "model", "model": "steam:block/water_pump/3"}}, {"threshold": 11, "model": {"type": "model", "model": "steam:block/water_pump/4"}}, {"threshold": 12, "model": {"type": "model", "model": "steam:block/pulverizer"}}, {"threshold": 13, "model": {"type": "model", "model": "steam:block/pulverizer_on"}}, {"threshold": 14, "model": {"type": "model", "model": "steam:block/condenser"}}, {"threshold": 15, "model": {"type": "model", "model": "steam:block/condenser_on"}}, {"threshold": 16, "model": {"type": "model", "model": "steam:block/filler"}}, {"threshold": 17, "model": {"type": "model", "model": "steam:block/filler_on"}}, {"threshold": 18, "model": {"type": "model", "model": "steam:block/metal_molder"}}, {"threshold": 19, "model": {"type": "model", "model": "steam:block/metal_molder_on"}}, {"threshold": 20, "model": {"type": "model", "model": "steam:block/sawmill"}}, {"threshold": 21, "model": {"type": "model", "model": "steam:block/sawmill_on"}}, {"threshold": 22, "model": {"type": "model", "model": "steam:block/sieve"}}, {"threshold": 23, "model": {"type": "model", "model": "steam:block/sieve_on"}}, {"threshold": 24, "model": {"type": "model", "model": "steam:block/breaker/side"}}, {"threshold": 25, "model": {"type": "model", "model": "steam:block/breaker/up"}}]}}