{"model": {"type": "range_dispatch", "property": "custom_model_data", "fallback": {"type": "model", "model": "minecraft:block/cobbled_deepslate"}, "entries": [{"threshold": 1, "model": {"type": "model", "model": "electricity:block/harvester_on"}}, {"threshold": 2, "model": {"type": "model", "model": "electricity:block/mixer"}}, {"threshold": 3, "model": {"type": "model", "model": "electricity:block/mixer_on"}}, {"threshold": 4, "model": {"type": "model", "model": "electricity:block/assembly_machine"}}, {"threshold": 5, "model": {"type": "model", "model": "electricity:block/assembly_machine_on"}}, {"threshold": 6, "model": {"type": "model", "model": "electricity:block/thermal_centrifuge"}}, {"threshold": 7, "model": {"type": "model", "model": "electricity:block/thermal_centrifuge_on"}}, {"threshold": 8, "model": {"type": "model", "model": "electricity:block/chemical_reactor"}}, {"threshold": 9, "model": {"type": "model", "model": "electricity:block/chemical_reactor_on"}}, {"threshold": 10, "model": {"type": "model", "model": "electricity:block/extractor"}}, {"threshold": 11, "model": {"type": "model", "model": "electricity:block/extractor_on"}}, {"threshold": 12, "model": {"type": "model", "model": "electricity:block/distiller"}}, {"threshold": 13, "model": {"type": "model", "model": "electricity:block/distiller_on"}}, {"threshold": 14, "model": {"type": "model", "model": "electricity:block/hopper_filter"}}, {"threshold": 15, "model": {"type": "model", "model": "electricity:block/crafting_table"}}, {"threshold": 16, "model": {"type": "model", "model": "electricity:block/advanced_crafting_table"}}, {"threshold": 17, "model": {"type": "model", "model": "electricity:block/soldering_table"}}, {"threshold": 18, "model": {"type": "model", "model": "electricity:block/soldering_table_on"}}, {"threshold": 19, "model": {"type": "model", "model": "electricity:block/breaker/side"}}, {"threshold": 20, "model": {"type": "model", "model": "electricity:block/breaker/up"}}, {"threshold": 21, "model": {"type": "model", "model": "electricity:block/breaker/down"}}, {"threshold": 22, "model": {"type": "model", "model": "electricity:block/placer/side"}}, {"threshold": 23, "model": {"type": "model", "model": "electricity:block/placer/up"}}, {"threshold": 24, "model": {"type": "model", "model": "electricity:block/placer/down"}}, {"threshold": 25, "model": {"type": "model", "model": "electricity:block/transformer/1"}}]}}