{"model": {"type": "range_dispatch", "property": "custom_model_data", "fallback": {"type": "minecraft:condition", "property": "minecraft:using_item", "on_false": {"type": "minecraft:select", "property": "minecraft:charge_type", "fallback": {"type": "minecraft:model", "model": "minecraft:item/crossbow"}, "cases": [{"model": {"type": "minecraft:model", "model": "minecraft:item/crossbow_arrow"}, "when": "arrow"}, {"model": {"type": "minecraft:model", "model": "minecraft:item/crossbow_firework"}, "when": "rocket"}]}, "on_true": {"type": "minecraft:range_dispatch", "property": "minecraft:crossbow/pull", "fallback": {"type": "minecraft:model", "model": "minecraft:item/crossbow_pulling_0"}, "entries": [{"threshold": 0.58, "model": {"type": "minecraft:model", "model": "minecraft:item/crossbow_pulling_1"}}, {"threshold": 1.0, "model": {"type": "minecraft:model", "model": "minecraft:item/crossbow_pulling_2"}}]}}, "entries": [{"threshold": 1000003, "model": {"type": "minecraft:condition", "property": "minecraft:using_item", "on_false": {"type": "minecraft:select", "property": "minecraft:charge_type", "fallback": {"type": "minecraft:model", "model": "item/crossbow"}, "cases": []}, "on_true": {"type": "minecraft:range_dispatch", "property": "minecraft:crossbow/pull", "fallback": {"type": "minecraft:model", "model": "item/crossbow"}, "entries": []}}}, {"threshold": 1000004, "model": {"type": "minecraft:condition", "property": "minecraft:using_item", "on_false": {"type": "minecraft:select", "property": "minecraft:charge_type", "fallback": {"type": "minecraft:model", "model": "item/crossbow"}, "cases": []}, "on_true": {"type": "minecraft:range_dispatch", "property": "minecraft:crossbow/pull", "fallback": {"type": "minecraft:model", "model": "item/crossbow"}, "entries": []}}}, {"threshold": 1000005, "model": {"type": "minecraft:condition", "property": "minecraft:using_item", "on_false": {"type": "minecraft:select", "property": "minecraft:charge_type", "fallback": {"type": "minecraft:model", "model": "item/crossbow"}, "cases": []}, "on_true": {"type": "minecraft:range_dispatch", "property": "minecraft:crossbow/pull", "fallback": {"type": "minecraft:model", "model": "item/crossbow"}, "entries": []}}}, {"threshold": 1000006, "model": {"type": "minecraft:condition", "property": "minecraft:using_item", "on_false": {"type": "minecraft:select", "property": "minecraft:charge_type", "fallback": {"type": "minecraft:model", "model": "item/crossbow"}, "cases": []}, "on_true": {"type": "minecraft:range_dispatch", "property": "minecraft:crossbow/pull", "fallback": {"type": "minecraft:model", "model": "item/crossbow"}, "entries": []}}}]}, "display": {"thirdperson_righthand": {"rotation": [-90, 0, -60], "translation": [2, 0.1, -3], "scale": [0.9, 0.9, 0.9]}, "thirdperson_lefthand": {"rotation": [-90, 0, 30], "translation": [2, 0.1, -3], "scale": [0.9, 0.9, 0.9]}, "firstperson_righthand": {"rotation": [-90, 0, -55], "translation": [1.13, 3.2, 1.13], "scale": [0.68, 0.68, 0.68]}, "firstperson_lefthand": {"rotation": [-90, 0, 35], "translation": [1.13, 3.2, 1.13], "scale": [0.68, 0.68, 0.68]}}}