{"model": {"type": "range_dispatch", "property": "custom_model_data", "fallback": {"type": "model", "model": "minecraft:block/dark_oak_sapling"}, "entries": [{"threshold": 1, "model": {"type": "model", "model": "pipes:block/filter/diamond/east"}}, {"threshold": 2, "model": {"type": "model", "model": "pipes:block/filter/diamond/south"}}, {"threshold": 3, "model": {"type": "model", "model": "pipes:block/filter/diamond/west"}}, {"threshold": 4, "model": {"type": "model", "model": "pipes:block/filter/diamond/up"}}, {"threshold": 5, "model": {"type": "model", "model": "pipes:block/filter/diamond/down"}}, {"threshold": 6, "model": {"type": "model", "model": "pipes:block/filter/netherite/north"}}, {"threshold": 7, "model": {"type": "model", "model": "pipes:block/filter/netherite/east"}}, {"threshold": 8, "model": {"type": "model", "model": "pipes:block/filter/netherite/south"}}, {"threshold": 9, "model": {"type": "model", "model": "pipes:block/filter/netherite/west"}}, {"threshold": 10, "model": {"type": "model", "model": "pipes:block/filter/netherite/up"}}, {"threshold": 11, "model": {"type": "model", "model": "pipes:block/filter/netherite/down"}}, {"threshold": 12, "model": {"type": "model", "model": "pipes:block/tin/fluid/000000"}}, {"threshold": 13, "model": {"type": "model", "model": "pipes:block/tin/fluid/000001"}}, {"threshold": 14, "model": {"type": "model", "model": "pipes:block/tin/fluid/000010"}}, {"threshold": 15, "model": {"type": "model", "model": "pipes:block/tin/fluid/000011"}}, {"threshold": 16, "model": {"type": "model", "model": "pipes:block/tin/fluid/000100"}}, {"threshold": 17, "model": {"type": "model", "model": "pipes:block/tin/fluid/000101"}}, {"threshold": 18, "model": {"type": "model", "model": "pipes:block/tin/fluid/000110"}}, {"threshold": 19, "model": {"type": "model", "model": "pipes:block/tin/fluid/000111"}}, {"threshold": 20, "model": {"type": "model", "model": "pipes:block/tin/fluid/001000"}}, {"threshold": 21, "model": {"type": "model", "model": "pipes:block/tin/fluid/001001"}}, {"threshold": 22, "model": {"type": "model", "model": "pipes:block/tin/fluid/001010"}}, {"threshold": 23, "model": {"type": "model", "model": "pipes:block/tin/fluid/001011"}}, {"threshold": 24, "model": {"type": "model", "model": "pipes:block/tin/fluid/001100"}}, {"threshold": 25, "model": {"type": "model", "model": "pipes:block/tin/fluid/001101"}}]}}