{"model": {"type": "range_dispatch", "property": "custom_model_data", "fallback": {"type": "model", "model": "minecraft:block/deepslate"}, "entries": [{"threshold": 1, "model": {"type": "model", "model": "electricity:block/metal_molder"}}, {"threshold": 2, "model": {"type": "model", "model": "electricity:block/metal_molder_on"}}, {"threshold": 3, "model": {"type": "model", "model": "electricity:block/biome_changer"}}, {"threshold": 4, "model": {"type": "model", "model": "electricity:block/biome_changer_on"}}, {"threshold": 5, "model": {"type": "model", "model": "electricity:block/compressor"}}, {"threshold": 6, "model": {"type": "model", "model": "electricity:block/compressor_on"}}, {"threshold": 7, "model": {"type": "model", "model": "electricity:block/air_compressor"}}, {"threshold": 8, "model": {"type": "model", "model": "electricity:block/air_compressor_on"}}, {"threshold": 9, "model": {"type": "model", "model": "electricity:block/blast_furnace"}}, {"threshold": 10, "model": {"type": "model", "model": "electricity:block/blast_furnace_on"}}, {"threshold": 11, "model": {"type": "model", "model": "electricity:block/filler"}}, {"threshold": 12, "model": {"type": "model", "model": "electricity:block/filler_on"}}, {"threshold": 13, "model": {"type": "model", "model": "electricity:block/sawmill"}}, {"threshold": 14, "model": {"type": "model", "model": "electricity:block/sawmill_on"}}, {"threshold": 15, "model": {"type": "model", "model": "electricity:block/sieve"}}, {"threshold": 16, "model": {"type": "model", "model": "electricity:block/sieve_on"}}, {"threshold": 17, "model": {"type": "model", "model": "electricity:block/phytogenic_chamber"}}, {"threshold": 18, "model": {"type": "model", "model": "electricity:block/phytogenic_chamber_on"}}, {"threshold": 19, "model": {"type": "model", "model": "electricity:block/cobblestone_generator"}}, {"threshold": 20, "model": {"type": "model", "model": "electricity:block/cobblestone_generator_on"}}, {"threshold": 21, "model": {"type": "model", "model": "electricity:block/item_converter"}}, {"threshold": 22, "model": {"type": "model", "model": "electricity:block/item_converter_on"}}, {"threshold": 23, "model": {"type": "model", "model": "electricity:block/hammer"}}, {"threshold": 24, "model": {"type": "model", "model": "electricity:block/hammer_on"}}, {"threshold": 25, "model": {"type": "model", "model": "electricity:block/harvester"}}]}}