{"model": {"type": "range_dispatch", "property": "custom_model_data", "fallback": {"type": "model", "model": "minecraft:block/diamond_ore"}, "entries": [{"threshold": 1, "model": {"type": "model", "model": "electricity:block/wire/tin/111011"}}, {"threshold": 2, "model": {"type": "model", "model": "electricity:block/wire/tin/111100"}}, {"threshold": 3, "model": {"type": "model", "model": "electricity:block/wire/tin/111101"}}, {"threshold": 4, "model": {"type": "model", "model": "electricity:block/wire/tin/111110"}}, {"threshold": 5, "model": {"type": "model", "model": "electricity:block/wire/tin/111111"}}, {"threshold": 6, "model": {"type": "model", "model": "electricity:block/wire/tin/inventory"}}, {"threshold": 7, "model": {"type": "model", "model": "electricity:block/wire/copper/000000"}}, {"threshold": 8, "model": {"type": "model", "model": "electricity:block/wire/copper/000001"}}, {"threshold": 9, "model": {"type": "model", "model": "electricity:block/wire/copper/000010"}}, {"threshold": 10, "model": {"type": "model", "model": "electricity:block/wire/copper/000011"}}, {"threshold": 11, "model": {"type": "model", "model": "electricity:block/wire/copper/000100"}}, {"threshold": 12, "model": {"type": "model", "model": "electricity:block/wire/copper/000101"}}, {"threshold": 13, "model": {"type": "model", "model": "electricity:block/wire/copper/000110"}}, {"threshold": 14, "model": {"type": "model", "model": "electricity:block/wire/copper/000111"}}, {"threshold": 15, "model": {"type": "model", "model": "electricity:block/wire/copper/001000"}}, {"threshold": 16, "model": {"type": "model", "model": "electricity:block/wire/copper/001001"}}, {"threshold": 17, "model": {"type": "model", "model": "electricity:block/wire/copper/001010"}}, {"threshold": 18, "model": {"type": "model", "model": "electricity:block/wire/copper/001011"}}, {"threshold": 19, "model": {"type": "model", "model": "electricity:block/wire/copper/001100"}}, {"threshold": 20, "model": {"type": "model", "model": "electricity:block/wire/copper/001101"}}, {"threshold": 21, "model": {"type": "model", "model": "electricity:block/wire/copper/001110"}}, {"threshold": 22, "model": {"type": "model", "model": "electricity:block/wire/copper/001111"}}, {"threshold": 23, "model": {"type": "model", "model": "electricity:block/wire/copper/010000"}}, {"threshold": 24, "model": {"type": "model", "model": "electricity:block/wire/copper/010001"}}, {"threshold": 25, "model": {"type": "model", "model": "electricity:block/wire/copper/010010"}}]}}