{"model": {"type": "range_dispatch", "property": "custom_model_data", "fallback": {"type": "model", "model": "minecraft:block/dirt"}, "entries": [{"threshold": 1, "model": {"type": "model", "model": "electricity:block/crafting_table_inventory"}}, {"threshold": 2, "model": {"type": "model", "model": "electricity:block/soldering_table_inventory"}}, {"threshold": 3, "model": {"type": "model", "model": "electricity:block/stabilizing_room/controller"}}, {"threshold": 4, "model": {"type": "model", "model": "electricity:block/stabilizing_room/controller_on"}}, {"threshold": 5, "model": {"type": "model", "model": "electricity:block/stabilizing_room/casing"}}, {"threshold": 6, "model": {"type": "model", "model": "electricity:block/stabilizing_room/glass"}}, {"threshold": 7, "model": {"type": "model", "model": "electricity:block/stabilizing_room/power_unit"}}, {"threshold": 8, "model": {"type": "model", "model": "electricity:block/stabilizing_room/freezer"}}, {"threshold": 9, "model": {"type": "model", "model": "electricity:block/stabilizing_room/diode"}}, {"threshold": 10, "model": {"type": "model", "model": "electricity:block/stabilizing_room/electric_storage_bus"}}, {"threshold": 11, "model": {"type": "model", "model": "bees:block/centrifuge"}}, {"threshold": 12, "model": {"type": "model", "model": "bees:block/centrifuge_on"}}, {"threshold": 13, "model": {"type": "model", "model": "bees:block/genes_analyzer"}}, {"threshold": 14, "model": {"type": "model", "model": "bees:block/honeycomb_cutter"}}, {"threshold": 15, "model": {"type": "model", "model": "bees:block/honeycomb_cutter_on"}}, {"threshold": 16, "model": {"type": "model", "model": "bees:block/electric_beehive/core"}}, {"threshold": 17, "model": {"type": "model", "model": "bees:block/electric_beehive/cladding"}}, {"threshold": 18, "model": {"type": "model", "model": "bees:block/electric_beehive/power_unit"}}, {"threshold": 19, "model": {"type": "model", "model": "bees:block/electric_beehive/hopper_in"}}, {"threshold": 20, "model": {"type": "model", "model": "bees:block/electric_beehive/hopper_out"}}, {"threshold": 21, "model": {"type": "model", "model": "bees:block/electric_beehive/royal_jelly_consumer"}}, {"threshold": 22, "model": {"type": "model", "model": "bees:block/electric_beehive/completed"}}, {"threshold": 23, "model": {"type": "model", "model": "bees:block/centrifuge_inventory"}}, {"threshold": 24, "model": {"type": "model", "model": "bees:block/honeycomb_cutter_inventory"}}, {"threshold": 25, "model": {"type": "model", "model": "steam:block/generator"}}]}}