{"model": {"type": "range_dispatch", "property": "custom_model_data", "fallback": {"type": "model", "model": "minecraft:block/dropper"}, "entries": [{"threshold": 10, "model": {"type": "model", "model": "skyblock:block/mech/placer/1/up"}}, {"threshold": 11, "model": {"type": "model", "model": "skyblock:block/mech/placer/1/down"}}, {"threshold": 12, "model": {"type": "model", "model": "skyblock:block/mech/placer/1/north"}}, {"threshold": 13, "model": {"type": "model", "model": "skyblock:block/mech/placer/1/east"}}, {"threshold": 14, "model": {"type": "model", "model": "skyblock:block/mech/placer/1/south"}}, {"threshold": 15, "model": {"type": "model", "model": "skyblock:block/mech/placer/1/west"}}, {"threshold": 20, "model": {"type": "model", "model": "skyblock:block/mech/placer/2/up"}}, {"threshold": 21, "model": {"type": "model", "model": "skyblock:block/mech/placer/2/down"}}, {"threshold": 22, "model": {"type": "model", "model": "skyblock:block/mech/placer/2/north"}}, {"threshold": 23, "model": {"type": "model", "model": "skyblock:block/mech/placer/2/east"}}, {"threshold": 24, "model": {"type": "model", "model": "skyblock:block/mech/placer/2/south"}}, {"threshold": 25, "model": {"type": "model", "model": "skyblock:block/mech/placer/2/west"}}, {"threshold": 30, "model": {"type": "model", "model": "skyblock:block/mech/placer/3/up"}}, {"threshold": 31, "model": {"type": "model", "model": "skyblock:block/mech/placer/3/down"}}, {"threshold": 32, "model": {"type": "model", "model": "skyblock:block/mech/placer/3/north"}}, {"threshold": 33, "model": {"type": "model", "model": "skyblock:block/mech/placer/3/east"}}, {"threshold": 34, "model": {"type": "model", "model": "skyblock:block/mech/placer/3/south"}}, {"threshold": 35, "model": {"type": "model", "model": "skyblock:block/mech/placer/3/west"}}, {"threshold": 40, "model": {"type": "model", "model": "skyblock:block/mech/placer/4/up"}}, {"threshold": 41, "model": {"type": "model", "model": "skyblock:block/mech/placer/4/down"}}, {"threshold": 42, "model": {"type": "model", "model": "skyblock:block/mech/placer/4/north"}}, {"threshold": 43, "model": {"type": "model", "model": "skyblock:block/mech/placer/4/east"}}, {"threshold": 44, "model": {"type": "model", "model": "skyblock:block/mech/placer/4/south"}}, {"threshold": 45, "model": {"type": "model", "model": "skyblock:block/mech/placer/4/west"}}, {"threshold": 50, "model": {"type": "model", "model": "skyblock:block/mech/breaker/1/up"}}, {"threshold": 51, "model": {"type": "model", "model": "skyblock:block/mech/breaker/1/down"}}, {"threshold": 52, "model": {"type": "model", "model": "skyblock:block/mech/breaker/1/north"}}, {"threshold": 53, "model": {"type": "model", "model": "skyblock:block/mech/breaker/1/east"}}, {"threshold": 54, "model": {"type": "model", "model": "skyblock:block/mech/breaker/1/south"}}, {"threshold": 55, "model": {"type": "model", "model": "skyblock:block/mech/breaker/1/west"}}, {"threshold": 60, "model": {"type": "model", "model": "skyblock:block/mech/breaker/2/up"}}, {"threshold": 61, "model": {"type": "model", "model": "skyblock:block/mech/breaker/2/down"}}, {"threshold": 62, "model": {"type": "model", "model": "skyblock:block/mech/breaker/2/north"}}, {"threshold": 63, "model": {"type": "model", "model": "skyblock:block/mech/breaker/2/east"}}, {"threshold": 64, "model": {"type": "model", "model": "skyblock:block/mech/breaker/2/south"}}, {"threshold": 65, "model": {"type": "model", "model": "skyblock:block/mech/breaker/2/west"}}, {"threshold": 70, "model": {"type": "model", "model": "skyblock:block/mech/breaker/3/up"}}, {"threshold": 71, "model": {"type": "model", "model": "skyblock:block/mech/breaker/3/down"}}, {"threshold": 72, "model": {"type": "model", "model": "skyblock:block/mech/breaker/3/north"}}, {"threshold": 73, "model": {"type": "model", "model": "skyblock:block/mech/breaker/3/east"}}, {"threshold": 74, "model": {"type": "model", "model": "skyblock:block/mech/breaker/3/south"}}, {"threshold": 75, "model": {"type": "model", "model": "skyblock:block/mech/breaker/3/west"}}, {"threshold": 80, "model": {"type": "model", "model": "skyblock:block/mech/breaker/4/up"}}, {"threshold": 81, "model": {"type": "model", "model": "skyblock:block/mech/breaker/4/down"}}, {"threshold": 82, "model": {"type": "model", "model": "skyblock:block/mech/breaker/4/north"}}, {"threshold": 83, "model": {"type": "model", "model": "skyblock:block/mech/breaker/4/east"}}, {"threshold": 84, "model": {"type": "model", "model": "skyblock:block/mech/breaker/4/south"}}, {"threshold": 85, "model": {"type": "model", "model": "skyblock:block/mech/breaker/4/west"}}, {"threshold": 100, "model": {"type": "model", "model": "general:block/safe"}}]}}