{"model": {"type": "range_dispatch", "property": "custom_model_data", "fallback": {"type": "model", "model": "minecraft:item/feather"}, "entries": [{"threshold": 1000, "model": {"type": "model", "model": "collections:item/old/ic2/circuit"}}, {"threshold": 1001, "model": {"type": "model", "model": "collections:item/old/ic2/coin"}}, {"threshold": 1002, "model": {"type": "model", "model": "collections:item/old/ic2/electric_motor"}}, {"threshold": 1003, "model": {"type": "model", "model": "collections:item/old/ic2/industrial_diamond"}}, {"threshold": 1004, "model": {"type": "model", "model": "collections:item/old/ic2/resin"}}, {"threshold": 1005, "model": {"type": "model", "model": "collections:item/old/ic2/steel_plate"}}, {"threshold": 1006, "model": {"type": "model", "model": "collections:item/old/ic2/uu_matter"}}, {"threshold": 1007, "model": {"type": "model", "model": "collections:item/old/asp/ultimate_solar_panel"}}, {"threshold": 1008, "model": {"type": "model", "model": "collections:item/old/ae2/certus_quartz_crystal_charged"}}, {"threshold": 1009, "model": {"type": "model", "model": "collections:item/old/ae2/item_storage_cell_64k"}}, {"threshold": 1010, "model": {"type": "model", "model": "collections:item/old/ae2/singularity"}}, {"threshold": 1100, "model": {"type": "model", "model": "collections:item/old/sbm/skyblock_placer"}}, {"threshold": 1101, "model": {"type": "model", "model": "collections:item/old/sbm/skyblock_breaker"}}, {"threshold": 1102, "model": {"type": "model", "model": "collections:item/old/sbm/skyblock_filter_4"}}, {"threshold": 1103, "model": {"type": "model", "model": "collections:item/old/sbm/skyblock_sieve_4"}}, {"threshold": 1104, "model": {"type": "model", "model": "collections:item/old/sbm/skyblock_bronze_anvil"}}, {"threshold": 1120, "model": {"type": "model", "model": "collections:item/old/sbm/general_copper_wire"}}, {"threshold": 1121, "model": {"type": "model", "model": "collections:item/old/sbm/minecraft_lightning_rod"}}, {"threshold": 1122, "model": {"type": "model", "model": "collections:item/old/sbm/general_lead_solder"}}, {"threshold": 1140, "model": {"type": "model", "model": "collections:item/old/sbm/electricity_silica"}}, {"threshold": 1141, "model": {"type": "model", "model": "collections:item/old/sbm/electricity_block_frame_0"}}, {"threshold": 1142, "model": {"type": "model", "model": "collections:item/old/sbm/electricity_hopper_filter"}}, {"threshold": 1143, "model": {"type": "model", "model": "collections:item/old/sbm/electricity_advanced_crafting_table"}}, {"threshold": 1144, "model": {"type": "model", "model": "collections:item/old/sbm/electricity_electrolyte_accumulator_2"}}, {"threshold": 1160, "model": {"type": "model", "model": "collections:item/old/sbm/bees_phosphor"}}, {"threshold": 1161, "model": {"type": "model", "model": "collections:item/old/sbm/bees_nether_star_shard"}}]}}