{"model": {"type": "range_dispatch", "property": "custom_model_data", "fallback": {"type": "model", "model": "minecraft:item/golden_sword"}, "entries": [{"threshold": 200, "model": {"type": "model", "model": "electricity:item/tool/iridium/sword"}}, {"threshold": 1000100, "model": {"type": "model", "model": "customization:item/sword/sculk"}}, {"threshold": 1000101, "model": {"type": "model", "model": "customization:item/sword/amethyst"}}, {"threshold": 1000102, "model": {"type": "model", "model": "customization:item/sword/mossy"}}]}}