{"model": {"type": "range_dispatch", "property": "custom_model_data", "fallback": {"type": "model", "model": "item/golden_horse_armor"}, "entries": [{"threshold": 20000, "model": {"type": "model", "model": "bees:item/bee/common/queen"}}, {"threshold": 20001, "model": {"type": "model", "model": "bees:item/bee/cultivated/queen"}}, {"threshold": 20002, "model": {"type": "model", "model": "bees:item/bee/noble/queen"}}, {"threshold": 20003, "model": {"type": "model", "model": "bees:item/bee/majestic/queen"}}, {"threshold": 20004, "model": {"type": "model", "model": "bees:item/bee/conscientious/queen"}}, {"threshold": 20005, "model": {"type": "model", "model": "bees:item/bee/tireless/queen"}}, {"threshold": 20006, "model": {"type": "model", "model": "bees:item/bee/imperial/queen"}}, {"threshold": 20007, "model": {"type": "model", "model": "bees:item/bee/cave/queen"}}, {"threshold": 20008, "model": {"type": "model", "model": "bees:item/bee/coral/queen"}}, {"threshold": 20009, "model": {"type": "model", "model": "bees:item/bee/fire/queen"}}, {"threshold": 20010, "model": {"type": "model", "model": "bees:item/bee/demonic/queen"}}, {"threshold": 20011, "model": {"type": "model", "model": "bees:item/bee/infernal/queen"}}, {"threshold": 20012, "model": {"type": "model", "model": "bees:item/bee/diligent/queen"}}, {"threshold": 20013, "model": {"type": "model", "model": "bees:item/bee/hardworking/queen"}}, {"threshold": 20014, "model": {"type": "model", "model": "bees:item/bee/valiant/queen"}}, {"threshold": 20015, "model": {"type": "model", "model": "bees:item/bee/tropical/queen"}}, {"threshold": 20016, "model": {"type": "model", "model": "bees:item/bee/heavenly/queen"}}, {"threshold": 20017, "model": {"type": "model", "model": "bees:item/bee/ice/queen"}}]}}