{"model": {"type": "range_dispatch", "property": "custom_model_data", "fallback": {"type": "model", "model": "minecraft:item/honeycomb"}, "entries": [{"threshold": 1, "model": {"type": "model", "model": "bees:item/comb/viscous"}}, {"threshold": 2, "model": {"type": "model", "model": "bees:item/comb/silk"}}, {"threshold": 3, "model": {"type": "model", "model": "bees:item/comb/fire"}}, {"threshold": 4, "model": {"type": "model", "model": "bees:item/comb/coral"}}, {"threshold": 5, "model": {"type": "model", "model": "bees:item/comb/imperial"}}, {"threshold": 6, "model": {"type": "model", "model": "bees:item/comb/ice"}}]}}