{"model": {"type": "range_dispatch", "property": "custom_model_data", "fallback": {"type": "model", "model": "minecraft:item/iron_axe"}, "entries": [{"threshold": 110, "model": {"type": "model", "model": "general:item/resource/bronze/axe"}}, {"threshold": 1000100, "model": {"type": "model", "model": "customization:item/axe/sculk"}}, {"threshold": 1000101, "model": {"type": "model", "model": "customization:item/axe/amethyst"}}, {"threshold": 1000102, "model": {"type": "model", "model": "customization:item/axe/mossy"}}]}}