{"model": {"type": "range_dispatch", "property": "custom_model_data", "fallback": {"type": "model", "model": "item/iron_horse_armor"}, "entries": [{"threshold": 100, "model": {"type": "model", "model": "general:item/module/empty"}}, {"threshold": 101, "model": {"type": "model", "model": "general:item/module/universal"}}, {"threshold": 110, "model": {"type": "model", "model": "general:item/module/redstone_clock/1"}}, {"threshold": 111, "model": {"type": "model", "model": "general:item/module/redstone_clock/2"}}, {"threshold": 112, "model": {"type": "model", "model": "general:item/module/redstone_clock/3"}}, {"threshold": 120, "model": {"type": "model", "model": "general:item/module/redstone_trigger"}}, {"threshold": 130, "model": {"type": "model", "model": "general:item/module/hopper/in"}}, {"threshold": 131, "model": {"type": "model", "model": "general:item/module/hopper/out"}}, {"threshold": 140, "model": {"type": "model", "model": "general:item/module/acceleration/1"}}, {"threshold": 141, "model": {"type": "model", "model": "general:item/module/acceleration/2"}}, {"threshold": 142, "model": {"type": "model", "model": "general:item/module/acceleration/3"}}, {"threshold": 143, "model": {"type": "model", "model": "general:item/module/acceleration/4"}}, {"threshold": 150, "model": {"type": "model", "model": "general:item/module/transformer/1"}}, {"threshold": 151, "model": {"type": "model", "model": "general:item/module/transformer/2"}}, {"threshold": 152, "model": {"type": "model", "model": "general:item/module/transformer/3"}}, {"threshold": 153, "model": {"type": "model", "model": "general:item/module/transformer/4"}}, {"threshold": 160, "model": {"type": "model", "model": "general:item/module/energy_capacity/1"}}, {"threshold": 161, "model": {"type": "model", "model": "general:item/module/energy_capacity/2"}}, {"threshold": 162, "model": {"type": "model", "model": "general:item/module/energy_capacity/3"}}, {"threshold": 163, "model": {"type": "model", "model": "general:item/module/energy_capacity/4"}}, {"threshold": 170, "model": {"type": "model", "model": "general:item/module/fluid_capacity/1"}}, {"threshold": 171, "model": {"type": "model", "model": "general:item/module/fluid_capacity/2"}}, {"threshold": 172, "model": {"type": "model", "model": "general:item/module/fluid_capacity/3"}}, {"threshold": 173, "model": {"type": "model", "model": "general:item/module/fluid_capacity/4"}}, {"threshold": 180, "model": {"type": "model", "model": "general:item/module/sieve_items"}}, {"threshold": 181, "model": {"type": "model", "model": "general:item/module/electrical_fuse"}}, {"threshold": 190, "model": {"type": "model", "model": "general:item/module/item_pusher/north"}}, {"threshold": 191, "model": {"type": "model", "model": "general:item/module/item_pusher/east"}}, {"threshold": 192, "model": {"type": "model", "model": "general:item/module/item_pusher/south"}}, {"threshold": 193, "model": {"type": "model", "model": "general:item/module/item_pusher/west"}}, {"threshold": 194, "model": {"type": "model", "model": "general:item/module/item_pusher/up"}}, {"threshold": 195, "model": {"type": "model", "model": "general:item/module/item_pusher/down"}}, {"threshold": 196, "model": {"type": "model", "model": "general:item/module/item_pusher/all"}}, {"threshold": 200, "model": {"type": "model", "model": "general:item/module/overclock/1"}}, {"threshold": 201, "model": {"type": "model", "model": "general:item/module/overclock/2"}}, {"threshold": 202, "model": {"type": "model", "model": "general:item/module/overclock/3"}}, {"threshold": 203, "model": {"type": "model", "model": "general:item/module/overclock/4"}}, {"threshold": 1000, "model": {"type": "model", "model": "general:item/soldering/soldering_iron_empty"}}, {"threshold": 2000, "model": {"type": "model", "model": "electricity:item/raw_memory_crystal"}}, {"threshold": 2001, "model": {"type": "model", "model": "electricity:item/memory_crystal"}}, {"threshold": 2002, "model": {"type": "model", "model": "electricity:item/tool_power_unit"}}, {"threshold": 5000, "model": {"type": "model", "model": "quests:item/novice_chest"}}, {"threshold": 5001, "model": {"type": "model", "model": "quests:item/novice_electrician_chest"}}, {"threshold": 5002, "model": {"type": "model", "model": "quests:item/advanced_electrician_chest"}}, {"threshold": 5003, "model": {"type": "model", "model": "quests:item/apiarist_chest"}}, {"threshold": 5004, "model": {"type": "model", "model": "quests:item/electric_storage_press_chest"}}, {"threshold": 5005, "model": {"type": "model", "model": "quests:item/electric_storage_chest"}}, {"threshold": 5006, "model": {"type": "model", "model": "quests:item/skyblock_chest"}}, {"threshold": 5007, "model": {"type": "model", "model": "quests:item/mech_chest"}}, {"threshold": 5008, "model": {"type": "model", "model": "quests:item/steam_mech_chest"}}, {"threshold": 5009, "model": {"type": "model", "model": "quests:item/electric_mech_chest"}}, {"threshold": 5010, "model": {"type": "model", "model": "quests:item/modules_chest"}}, {"threshold": 5100, "model": {"type": "model", "model": "quests:item/pottery_sherds_chest"}}, {"threshold": 5200, "model": {"type": "model", "model": "quests:item/quest_pass_plus"}}, {"threshold": 5300, "model": {"type": "model", "model": "quests:item/collection_old_1_chest"}}, {"threshold": 5301, "model": {"type": "model", "model": "quests:item/collection_old_sbm_1_chest"}}, {"threshold": 6000, "model": {"type": "model", "model": "quantum:item/connector"}}, {"threshold": 6010, "model": {"type": "model", "model": "quantum:item/wand"}}, {"threshold": 7000, "model": {"type": "model", "model": "electric_storage:item/wireless_terminal"}}, {"threshold": 8000, "model": {"type": "model", "model": "donates:item/bundle"}}, {"threshold": 8100, "model": {"type": "model", "model": "donates:item/portable_workbench"}}, {"threshold": 8101, "model": {"type": "model", "model": "donates:item/portable_ender_chest"}}, {"threshold": 20000, "model": {"type": "model", "model": "bees:item/bee/common/princess"}}, {"threshold": 20001, "model": {"type": "model", "model": "bees:item/bee/cultivated/princess"}}, {"threshold": 20002, "model": {"type": "model", "model": "bees:item/bee/noble/princess"}}, {"threshold": 20003, "model": {"type": "model", "model": "bees:item/bee/majestic/princess"}}, {"threshold": 20004, "model": {"type": "model", "model": "bees:item/bee/conscientious/princess"}}, {"threshold": 20005, "model": {"type": "model", "model": "bees:item/bee/tireless/princess"}}, {"threshold": 20006, "model": {"type": "model", "model": "bees:item/bee/imperial/princess"}}, {"threshold": 20007, "model": {"type": "model", "model": "bees:item/bee/cave/princess"}}, {"threshold": 20008, "model": {"type": "model", "model": "bees:item/bee/coral/princess"}}, {"threshold": 20009, "model": {"type": "model", "model": "bees:item/bee/fire/princess"}}, {"threshold": 20010, "model": {"type": "model", "model": "bees:item/bee/demonic/princess"}}, {"threshold": 20011, "model": {"type": "model", "model": "bees:item/bee/infernal/princess"}}, {"threshold": 20012, "model": {"type": "model", "model": "bees:item/bee/diligent/princess"}}, {"threshold": 20013, "model": {"type": "model", "model": "bees:item/bee/hardworking/princess"}}, {"threshold": 20014, "model": {"type": "model", "model": "bees:item/bee/valiant/princess"}}, {"threshold": 20015, "model": {"type": "model", "model": "bees:item/bee/tropical/princess"}}, {"threshold": 20016, "model": {"type": "model", "model": "bees:item/bee/heavenly/princess"}}, {"threshold": 20017, "model": {"type": "model", "model": "bees:item/bee/ice/princess"}}, {"threshold": 1000000, "model": {"type": "model", "model": "july1:entity/2024/yandex_courier"}}, {"threshold": 1000001, "model": {"type": "model", "model": "july1:item/2024/ruble"}}, {"threshold": 1000002, "model": {"type": "model", "model": "july1:item/2024/meat_grinder_phone"}}, {"threshold": 1000003, "model": {"type": "model", "model": "july1:item/2024/ak47/default"}}, {"threshold": 1000004, "model": {"type": "model", "model": "july1:item/2024/ak47/blue_laminate"}}, {"threshold": 1000005, "model": {"type": "model", "model": "july1:item/2024/ak47/redline"}}, {"threshold": 1000006, "model": {"type": "model", "model": "july1:item/2024/ak47/asiimov"}}, {"threshold": 1000010, "model": {"type": "model", "model": "july1:item/2024/csgo_weapon_case"}}]}}