{"model": {"type": "range_dispatch", "property": "custom_model_data", "fallback": {"type": "model", "model": "minecraft:item/iron_pickaxe"}, "entries": [{"threshold": 100, "model": {"type": "model", "model": "skyblock:item/hammer/iron"}}, {"threshold": 101, "model": {"type": "model", "model": "skyblock:item/hammer/bronze"}}, {"threshold": 110, "model": {"type": "model", "model": "general:item/resource/bronze/pickaxe"}}, {"threshold": 1000000, "model": {"type": "model", "model": "customization:item/pickaxe/evacuation_plan"}}, {"threshold": 1000001, "model": {"type": "model", "model": "customization:item/pickaxe/ice_breaker"}}, {"threshold": 1000100, "model": {"type": "model", "model": "customization:item/pickaxe/sculk"}}, {"threshold": 1000101, "model": {"type": "model", "model": "customization:item/pickaxe/amethyst"}}, {"threshold": 1000102, "model": {"type": "model", "model": "customization:item/pickaxe/mossy"}}, {"threshold": 1001000, "model": {"type": "model", "model": "customization:item/hammer/disconnector"}}, {"threshold": 1001100, "model": {"type": "model", "model": "customization:item/hammer/sculk"}}, {"threshold": 1001101, "model": {"type": "model", "model": "customization:item/hammer/amethyst"}}, {"threshold": 1001102, "model": {"type": "model", "model": "customization:item/hammer/mossy"}}]}}