{"model": {"type": "range_dispatch", "property": "custom_model_data", "fallback": {"type": "model", "model": "minecraft:block/jungle_sapling"}, "entries": [{"threshold": 1, "model": {"type": "model", "model": "pipes:block/netherite/item/111111"}}, {"threshold": 2, "model": {"type": "model", "model": "pipes:block/netherite/item/inventory"}}, {"threshold": 3, "model": {"type": "model", "model": "pipes:block/servo/tin/north"}}, {"threshold": 4, "model": {"type": "model", "model": "pipes:block/servo/tin/east"}}, {"threshold": 5, "model": {"type": "model", "model": "pipes:block/servo/tin/south"}}, {"threshold": 6, "model": {"type": "model", "model": "pipes:block/servo/tin/west"}}, {"threshold": 7, "model": {"type": "model", "model": "pipes:block/servo/tin/up"}}, {"threshold": 8, "model": {"type": "model", "model": "pipes:block/servo/tin/down"}}, {"threshold": 9, "model": {"type": "model", "model": "pipes:block/servo/bronze/north"}}, {"threshold": 10, "model": {"type": "model", "model": "pipes:block/servo/bronze/east"}}, {"threshold": 11, "model": {"type": "model", "model": "pipes:block/servo/bronze/south"}}, {"threshold": 12, "model": {"type": "model", "model": "pipes:block/servo/bronze/west"}}, {"threshold": 13, "model": {"type": "model", "model": "pipes:block/servo/bronze/up"}}, {"threshold": 14, "model": {"type": "model", "model": "pipes:block/servo/bronze/down"}}, {"threshold": 15, "model": {"type": "model", "model": "pipes:block/servo/iron/north"}}, {"threshold": 16, "model": {"type": "model", "model": "pipes:block/servo/iron/east"}}, {"threshold": 17, "model": {"type": "model", "model": "pipes:block/servo/iron/south"}}, {"threshold": 18, "model": {"type": "model", "model": "pipes:block/servo/iron/west"}}, {"threshold": 19, "model": {"type": "model", "model": "pipes:block/servo/iron/up"}}, {"threshold": 20, "model": {"type": "model", "model": "pipes:block/servo/iron/down"}}, {"threshold": 21, "model": {"type": "model", "model": "pipes:block/servo/golden/north"}}, {"threshold": 22, "model": {"type": "model", "model": "pipes:block/servo/golden/east"}}, {"threshold": 23, "model": {"type": "model", "model": "pipes:block/servo/golden/south"}}, {"threshold": 24, "model": {"type": "model", "model": "pipes:block/servo/golden/west"}}, {"threshold": 25, "model": {"type": "model", "model": "pipes:block/servo/golden/up"}}]}}