{"model": {"type": "range_dispatch", "property": "custom_model_data", "fallback": {"type": "model", "model": "minecraft:block/jungle_planks"}, "entries": [{"threshold": 1, "model": {"type": "model", "model": "pipes:block/iron/item/010111"}}, {"threshold": 2, "model": {"type": "model", "model": "pipes:block/iron/item/011000"}}, {"threshold": 3, "model": {"type": "model", "model": "pipes:block/iron/item/011001"}}, {"threshold": 4, "model": {"type": "model", "model": "pipes:block/iron/item/011010"}}, {"threshold": 5, "model": {"type": "model", "model": "pipes:block/iron/item/011011"}}, {"threshold": 6, "model": {"type": "model", "model": "pipes:block/iron/item/011100"}}, {"threshold": 7, "model": {"type": "model", "model": "pipes:block/iron/item/011101"}}, {"threshold": 8, "model": {"type": "model", "model": "pipes:block/iron/item/011110"}}, {"threshold": 9, "model": {"type": "model", "model": "pipes:block/iron/item/011111"}}, {"threshold": 10, "model": {"type": "model", "model": "pipes:block/iron/item/100000"}}, {"threshold": 11, "model": {"type": "model", "model": "pipes:block/iron/item/100001"}}, {"threshold": 12, "model": {"type": "model", "model": "pipes:block/iron/item/100010"}}, {"threshold": 13, "model": {"type": "model", "model": "pipes:block/iron/item/100011"}}, {"threshold": 14, "model": {"type": "model", "model": "pipes:block/iron/item/100100"}}, {"threshold": 15, "model": {"type": "model", "model": "pipes:block/iron/item/100101"}}, {"threshold": 16, "model": {"type": "model", "model": "pipes:block/iron/item/100110"}}, {"threshold": 17, "model": {"type": "model", "model": "pipes:block/iron/item/100111"}}, {"threshold": 18, "model": {"type": "model", "model": "pipes:block/iron/item/101000"}}, {"threshold": 19, "model": {"type": "model", "model": "pipes:block/iron/item/101001"}}, {"threshold": 20, "model": {"type": "model", "model": "pipes:block/iron/item/101010"}}, {"threshold": 21, "model": {"type": "model", "model": "pipes:block/iron/item/101011"}}, {"threshold": 22, "model": {"type": "model", "model": "pipes:block/iron/item/101100"}}, {"threshold": 23, "model": {"type": "model", "model": "pipes:block/iron/item/101101"}}, {"threshold": 24, "model": {"type": "model", "model": "pipes:block/iron/item/101110"}}, {"threshold": 25, "model": {"type": "model", "model": "pipes:block/iron/item/101111"}}]}}