{"model": {"type": "range_dispatch", "property": "custom_model_data", "fallback": {"type": "model", "model": "minecraft:item/mangrove_propagule"}, "entries": [{"threshold": 1, "model": {"type": "model", "model": "pipes:block/tin/fluid/001110"}}, {"threshold": 2, "model": {"type": "model", "model": "pipes:block/tin/fluid/001111"}}, {"threshold": 3, "model": {"type": "model", "model": "pipes:block/tin/fluid/010000"}}, {"threshold": 4, "model": {"type": "model", "model": "pipes:block/tin/fluid/010001"}}, {"threshold": 5, "model": {"type": "model", "model": "pipes:block/tin/fluid/010010"}}, {"threshold": 6, "model": {"type": "model", "model": "pipes:block/tin/fluid/010011"}}, {"threshold": 7, "model": {"type": "model", "model": "pipes:block/tin/fluid/010100"}}, {"threshold": 8, "model": {"type": "model", "model": "pipes:block/tin/fluid/010101"}}, {"threshold": 9, "model": {"type": "model", "model": "pipes:block/tin/fluid/010110"}}, {"threshold": 10, "model": {"type": "model", "model": "pipes:block/tin/fluid/010111"}}, {"threshold": 11, "model": {"type": "model", "model": "pipes:block/tin/fluid/011000"}}, {"threshold": 12, "model": {"type": "model", "model": "pipes:block/tin/fluid/011001"}}, {"threshold": 13, "model": {"type": "model", "model": "pipes:block/tin/fluid/011010"}}, {"threshold": 14, "model": {"type": "model", "model": "pipes:block/tin/fluid/011011"}}, {"threshold": 15, "model": {"type": "model", "model": "pipes:block/tin/fluid/011100"}}, {"threshold": 16, "model": {"type": "model", "model": "pipes:block/tin/fluid/011101"}}, {"threshold": 17, "model": {"type": "model", "model": "pipes:block/tin/fluid/011110"}}, {"threshold": 18, "model": {"type": "model", "model": "pipes:block/tin/fluid/011111"}}, {"threshold": 19, "model": {"type": "model", "model": "pipes:block/tin/fluid/100000"}}, {"threshold": 20, "model": {"type": "model", "model": "pipes:block/tin/fluid/100001"}}, {"threshold": 21, "model": {"type": "model", "model": "pipes:block/tin/fluid/100010"}}, {"threshold": 22, "model": {"type": "model", "model": "pipes:block/tin/fluid/100011"}}, {"threshold": 23, "model": {"type": "model", "model": "pipes:block/tin/fluid/100100"}}, {"threshold": 24, "model": {"type": "model", "model": "pipes:block/tin/fluid/100101"}}, {"threshold": 25, "model": {"type": "model", "model": "pipes:block/tin/fluid/100110"}}]}}