{"model": {"type": "range_dispatch", "property": "custom_model_data", "fallback": {"type": "model", "model": "minecraft:item/name_tag"}, "entries": [{"threshold": 1, "model": {"type": "model", "model": "numbers:item/number/0/0"}}, {"threshold": 2, "model": {"type": "model", "model": "numbers:item/number/0/1"}}, {"threshold": 3, "model": {"type": "model", "model": "numbers:item/number/0/2"}}, {"threshold": 4, "model": {"type": "model", "model": "numbers:item/number/0/3"}}, {"threshold": 5, "model": {"type": "model", "model": "numbers:item/number/0/4"}}, {"threshold": 6, "model": {"type": "model", "model": "numbers:item/number/0/5"}}, {"threshold": 7, "model": {"type": "model", "model": "numbers:item/number/0/6"}}, {"threshold": 8, "model": {"type": "model", "model": "numbers:item/number/0/7"}}, {"threshold": 9, "model": {"type": "model", "model": "numbers:item/number/0/8"}}, {"threshold": 10, "model": {"type": "model", "model": "numbers:item/number/0/9"}}, {"threshold": 11, "model": {"type": "model", "model": "numbers:item/number/minus_1/0"}}, {"threshold": 12, "model": {"type": "model", "model": "numbers:item/number/minus_1/1"}}, {"threshold": 13, "model": {"type": "model", "model": "numbers:item/number/minus_1/2"}}, {"threshold": 14, "model": {"type": "model", "model": "numbers:item/number/minus_1/3"}}, {"threshold": 15, "model": {"type": "model", "model": "numbers:item/number/minus_1/4"}}, {"threshold": 16, "model": {"type": "model", "model": "numbers:item/number/minus_1/5"}}, {"threshold": 17, "model": {"type": "model", "model": "numbers:item/number/minus_1/6"}}, {"threshold": 18, "model": {"type": "model", "model": "numbers:item/number/minus_1/7"}}, {"threshold": 19, "model": {"type": "model", "model": "numbers:item/number/minus_1/8"}}, {"threshold": 20, "model": {"type": "model", "model": "numbers:item/number/minus_1/9"}}, {"threshold": 21, "model": {"type": "model", "model": "numbers:item/number/minus_2/0"}}, {"threshold": 22, "model": {"type": "model", "model": "numbers:item/number/minus_2/1"}}, {"threshold": 23, "model": {"type": "model", "model": "numbers:item/number/minus_2/2"}}, {"threshold": 24, "model": {"type": "model", "model": "numbers:item/number/minus_2/3"}}, {"threshold": 25, "model": {"type": "model", "model": "numbers:item/number/minus_2/4"}}, {"threshold": 26, "model": {"type": "model", "model": "numbers:item/number/minus_2/5"}}, {"threshold": 27, "model": {"type": "model", "model": "numbers:item/number/minus_2/6"}}, {"threshold": 28, "model": {"type": "model", "model": "numbers:item/number/minus_2/7"}}, {"threshold": 29, "model": {"type": "model", "model": "numbers:item/number/minus_2/8"}}, {"threshold": 30, "model": {"type": "model", "model": "numbers:item/number/minus_2/9"}}, {"threshold": 31, "model": {"type": "model", "model": "numbers:item/number/minus_3/0"}}, {"threshold": 32, "model": {"type": "model", "model": "numbers:item/number/minus_3/1"}}, {"threshold": 33, "model": {"type": "model", "model": "numbers:item/number/minus_3/2"}}, {"threshold": 34, "model": {"type": "model", "model": "numbers:item/number/minus_3/3"}}, {"threshold": 35, "model": {"type": "model", "model": "numbers:item/number/minus_3/4"}}, {"threshold": 36, "model": {"type": "model", "model": "numbers:item/number/minus_3/5"}}, {"threshold": 37, "model": {"type": "model", "model": "numbers:item/number/minus_3/6"}}, {"threshold": 38, "model": {"type": "model", "model": "numbers:item/number/minus_3/7"}}, {"threshold": 39, "model": {"type": "model", "model": "numbers:item/number/minus_3/8"}}, {"threshold": 40, "model": {"type": "model", "model": "numbers:item/number/minus_3/9"}}, {"threshold": 41, "model": {"type": "model", "model": "numbers:item/number/minus_4/0"}}, {"threshold": 42, "model": {"type": "model", "model": "numbers:item/number/minus_4/1"}}, {"threshold": 43, "model": {"type": "model", "model": "numbers:item/number/minus_4/2"}}, {"threshold": 44, "model": {"type": "model", "model": "numbers:item/number/minus_4/3"}}, {"threshold": 45, "model": {"type": "model", "model": "numbers:item/number/minus_4/4"}}, {"threshold": 46, "model": {"type": "model", "model": "numbers:item/number/minus_4/5"}}, {"threshold": 47, "model": {"type": "model", "model": "numbers:item/number/minus_4/6"}}, {"threshold": 48, "model": {"type": "model", "model": "numbers:item/number/minus_4/7"}}, {"threshold": 49, "model": {"type": "model", "model": "numbers:item/number/minus_4/8"}}, {"threshold": 50, "model": {"type": "model", "model": "numbers:item/number/minus_4/9"}}, {"threshold": 51, "model": {"type": "model", "model": "numbers:item/number/minus_5/0"}}, {"threshold": 52, "model": {"type": "model", "model": "numbers:item/number/minus_5/1"}}, {"threshold": 53, "model": {"type": "model", "model": "numbers:item/number/minus_5/2"}}, {"threshold": 54, "model": {"type": "model", "model": "numbers:item/number/minus_5/3"}}, {"threshold": 55, "model": {"type": "model", "model": "numbers:item/number/minus_5/4"}}, {"threshold": 56, "model": {"type": "model", "model": "numbers:item/number/minus_5/5"}}, {"threshold": 57, "model": {"type": "model", "model": "numbers:item/number/minus_5/6"}}, {"threshold": 58, "model": {"type": "model", "model": "numbers:item/number/minus_5/7"}}, {"threshold": 59, "model": {"type": "model", "model": "numbers:item/number/minus_5/8"}}, {"threshold": 60, "model": {"type": "model", "model": "numbers:item/number/minus_5/9"}}, {"threshold": 61, "model": {"type": "model", "model": "numbers:item/number/plus_1/0"}}, {"threshold": 62, "model": {"type": "model", "model": "numbers:item/number/plus_1/1"}}, {"threshold": 63, "model": {"type": "model", "model": "numbers:item/number/plus_1/2"}}, {"threshold": 64, "model": {"type": "model", "model": "numbers:item/number/plus_1/3"}}, {"threshold": 65, "model": {"type": "model", "model": "numbers:item/number/plus_1/4"}}, {"threshold": 66, "model": {"type": "model", "model": "numbers:item/number/plus_1/5"}}, {"threshold": 67, "model": {"type": "model", "model": "numbers:item/number/plus_1/6"}}, {"threshold": 68, "model": {"type": "model", "model": "numbers:item/number/plus_1/7"}}, {"threshold": 69, "model": {"type": "model", "model": "numbers:item/number/plus_1/8"}}, {"threshold": 70, "model": {"type": "model", "model": "numbers:item/number/plus_1/9"}}, {"threshold": 71, "model": {"type": "model", "model": "numbers:item/number/plus_2/0"}}, {"threshold": 72, "model": {"type": "model", "model": "numbers:item/number/plus_2/1"}}, {"threshold": 73, "model": {"type": "model", "model": "numbers:item/number/plus_2/2"}}, {"threshold": 74, "model": {"type": "model", "model": "numbers:item/number/plus_2/3"}}, {"threshold": 75, "model": {"type": "model", "model": "numbers:item/number/plus_2/4"}}, {"threshold": 76, "model": {"type": "model", "model": "numbers:item/number/plus_2/5"}}, {"threshold": 77, "model": {"type": "model", "model": "numbers:item/number/plus_2/6"}}, {"threshold": 78, "model": {"type": "model", "model": "numbers:item/number/plus_2/7"}}, {"threshold": 79, "model": {"type": "model", "model": "numbers:item/number/plus_2/8"}}, {"threshold": 80, "model": {"type": "model", "model": "numbers:item/number/plus_2/9"}}, {"threshold": 81, "model": {"type": "model", "model": "numbers:item/number/plus_3/0"}}, {"threshold": 82, "model": {"type": "model", "model": "numbers:item/number/plus_3/1"}}, {"threshold": 83, "model": {"type": "model", "model": "numbers:item/number/plus_3/2"}}, {"threshold": 84, "model": {"type": "model", "model": "numbers:item/number/plus_3/3"}}, {"threshold": 85, "model": {"type": "model", "model": "numbers:item/number/plus_3/4"}}, {"threshold": 86, "model": {"type": "model", "model": "numbers:item/number/plus_3/5"}}, {"threshold": 87, "model": {"type": "model", "model": "numbers:item/number/plus_3/6"}}, {"threshold": 88, "model": {"type": "model", "model": "numbers:item/number/plus_3/7"}}, {"threshold": 89, "model": {"type": "model", "model": "numbers:item/number/plus_3/8"}}, {"threshold": 90, "model": {"type": "model", "model": "numbers:item/number/plus_3/9"}}, {"threshold": 91, "model": {"type": "model", "model": "numbers:item/number/plus_4/0"}}, {"threshold": 92, "model": {"type": "model", "model": "numbers:item/number/plus_4/1"}}, {"threshold": 93, "model": {"type": "model", "model": "numbers:item/number/plus_4/2"}}, {"threshold": 94, "model": {"type": "model", "model": "numbers:item/number/plus_4/3"}}, {"threshold": 95, "model": {"type": "model", "model": "numbers:item/number/plus_4/4"}}, {"threshold": 96, "model": {"type": "model", "model": "numbers:item/number/plus_4/5"}}, {"threshold": 97, "model": {"type": "model", "model": "numbers:item/number/plus_4/6"}}, {"threshold": 98, "model": {"type": "model", "model": "numbers:item/number/plus_4/7"}}, {"threshold": 99, "model": {"type": "model", "model": "numbers:item/number/plus_4/8"}}, {"threshold": 100, "model": {"type": "model", "model": "numbers:item/number/plus_4/9"}}, {"threshold": 101, "model": {"type": "model", "model": "numbers:item/number/plus_5/0"}}, {"threshold": 102, "model": {"type": "model", "model": "numbers:item/number/plus_5/1"}}, {"threshold": 103, "model": {"type": "model", "model": "numbers:item/number/plus_5/2"}}, {"threshold": 104, "model": {"type": "model", "model": "numbers:item/number/plus_5/3"}}, {"threshold": 105, "model": {"type": "model", "model": "numbers:item/number/plus_5/4"}}, {"threshold": 106, "model": {"type": "model", "model": "numbers:item/number/plus_5/5"}}, {"threshold": 107, "model": {"type": "model", "model": "numbers:item/number/plus_5/6"}}, {"threshold": 108, "model": {"type": "model", "model": "numbers:item/number/plus_5/7"}}, {"threshold": 109, "model": {"type": "model", "model": "numbers:item/number/plus_5/8"}}, {"threshold": 110, "model": {"type": "model", "model": "numbers:item/number/plus_5/9"}}, {"threshold": 1001, "model": {"type": "model", "model": "numbers:item/number_bottom/0/0"}}, {"threshold": 1002, "model": {"type": "model", "model": "numbers:item/number_bottom/0/1"}}, {"threshold": 1003, "model": {"type": "model", "model": "numbers:item/number_bottom/0/2"}}, {"threshold": 1004, "model": {"type": "model", "model": "numbers:item/number_bottom/0/3"}}, {"threshold": 1005, "model": {"type": "model", "model": "numbers:item/number_bottom/0/4"}}, {"threshold": 1006, "model": {"type": "model", "model": "numbers:item/number_bottom/0/5"}}, {"threshold": 1007, "model": {"type": "model", "model": "numbers:item/number_bottom/0/6"}}, {"threshold": 1008, "model": {"type": "model", "model": "numbers:item/number_bottom/0/7"}}, {"threshold": 1009, "model": {"type": "model", "model": "numbers:item/number_bottom/0/8"}}, {"threshold": 1010, "model": {"type": "model", "model": "numbers:item/number_bottom/0/9"}}, {"threshold": 1011, "model": {"type": "model", "model": "numbers:item/number_bottom/minus_1/0"}}, {"threshold": 1012, "model": {"type": "model", "model": "numbers:item/number_bottom/minus_1/1"}}, {"threshold": 1013, "model": {"type": "model", "model": "numbers:item/number_bottom/minus_1/2"}}, {"threshold": 1014, "model": {"type": "model", "model": "numbers:item/number_bottom/minus_1/3"}}, {"threshold": 1015, "model": {"type": "model", "model": "numbers:item/number_bottom/minus_1/4"}}, {"threshold": 1016, "model": {"type": "model", "model": "numbers:item/number_bottom/minus_1/5"}}, {"threshold": 1017, "model": {"type": "model", "model": "numbers:item/number_bottom/minus_1/6"}}, {"threshold": 1018, "model": {"type": "model", "model": "numbers:item/number_bottom/minus_1/7"}}, {"threshold": 1019, "model": {"type": "model", "model": "numbers:item/number_bottom/minus_1/8"}}, {"threshold": 1020, "model": {"type": "model", "model": "numbers:item/number_bottom/minus_1/9"}}, {"threshold": 1021, "model": {"type": "model", "model": "numbers:item/number_bottom/minus_2/0"}}, {"threshold": 1022, "model": {"type": "model", "model": "numbers:item/number_bottom/minus_2/1"}}, {"threshold": 1023, "model": {"type": "model", "model": "numbers:item/number_bottom/minus_2/2"}}, {"threshold": 1024, "model": {"type": "model", "model": "numbers:item/number_bottom/minus_2/3"}}, {"threshold": 1025, "model": {"type": "model", "model": "numbers:item/number_bottom/minus_2/4"}}, {"threshold": 1026, "model": {"type": "model", "model": "numbers:item/number_bottom/minus_2/5"}}, {"threshold": 1027, "model": {"type": "model", "model": "numbers:item/number_bottom/minus_2/6"}}, {"threshold": 1028, "model": {"type": "model", "model": "numbers:item/number_bottom/minus_2/7"}}, {"threshold": 1029, "model": {"type": "model", "model": "numbers:item/number_bottom/minus_2/8"}}, {"threshold": 1030, "model": {"type": "model", "model": "numbers:item/number_bottom/minus_2/9"}}, {"threshold": 1031, "model": {"type": "model", "model": "numbers:item/number_bottom/minus_3/0"}}, {"threshold": 1032, "model": {"type": "model", "model": "numbers:item/number_bottom/minus_3/1"}}, {"threshold": 1033, "model": {"type": "model", "model": "numbers:item/number_bottom/minus_3/2"}}, {"threshold": 1034, "model": {"type": "model", "model": "numbers:item/number_bottom/minus_3/3"}}, {"threshold": 1035, "model": {"type": "model", "model": "numbers:item/number_bottom/minus_3/4"}}, {"threshold": 1036, "model": {"type": "model", "model": "numbers:item/number_bottom/minus_3/5"}}, {"threshold": 1037, "model": {"type": "model", "model": "numbers:item/number_bottom/minus_3/6"}}, {"threshold": 1038, "model": {"type": "model", "model": "numbers:item/number_bottom/minus_3/7"}}, {"threshold": 1039, "model": {"type": "model", "model": "numbers:item/number_bottom/minus_3/8"}}, {"threshold": 1040, "model": {"type": "model", "model": "numbers:item/number_bottom/minus_3/9"}}, {"threshold": 1041, "model": {"type": "model", "model": "numbers:item/number_bottom/minus_4/0"}}, {"threshold": 1042, "model": {"type": "model", "model": "numbers:item/number_bottom/minus_4/1"}}, {"threshold": 1043, "model": {"type": "model", "model": "numbers:item/number_bottom/minus_4/2"}}, {"threshold": 1044, "model": {"type": "model", "model": "numbers:item/number_bottom/minus_4/3"}}, {"threshold": 1045, "model": {"type": "model", "model": "numbers:item/number_bottom/minus_4/4"}}, {"threshold": 1046, "model": {"type": "model", "model": "numbers:item/number_bottom/minus_4/5"}}, {"threshold": 1047, "model": {"type": "model", "model": "numbers:item/number_bottom/minus_4/6"}}, {"threshold": 1048, "model": {"type": "model", "model": "numbers:item/number_bottom/minus_4/7"}}, {"threshold": 1049, "model": {"type": "model", "model": "numbers:item/number_bottom/minus_4/8"}}, {"threshold": 1050, "model": {"type": "model", "model": "numbers:item/number_bottom/minus_4/9"}}, {"threshold": 1051, "model": {"type": "model", "model": "numbers:item/number_bottom/minus_5/0"}}, {"threshold": 1052, "model": {"type": "model", "model": "numbers:item/number_bottom/minus_5/1"}}, {"threshold": 1053, "model": {"type": "model", "model": "numbers:item/number_bottom/minus_5/2"}}, {"threshold": 1054, "model": {"type": "model", "model": "numbers:item/number_bottom/minus_5/3"}}, {"threshold": 1055, "model": {"type": "model", "model": "numbers:item/number_bottom/minus_5/4"}}, {"threshold": 1056, "model": {"type": "model", "model": "numbers:item/number_bottom/minus_5/5"}}, {"threshold": 1057, "model": {"type": "model", "model": "numbers:item/number_bottom/minus_5/6"}}, {"threshold": 1058, "model": {"type": "model", "model": "numbers:item/number_bottom/minus_5/7"}}, {"threshold": 1059, "model": {"type": "model", "model": "numbers:item/number_bottom/minus_5/8"}}, {"threshold": 1060, "model": {"type": "model", "model": "numbers:item/number_bottom/minus_5/9"}}, {"threshold": 1061, "model": {"type": "model", "model": "numbers:item/number_bottom/plus_1/0"}}, {"threshold": 1062, "model": {"type": "model", "model": "numbers:item/number_bottom/plus_1/1"}}, {"threshold": 1063, "model": {"type": "model", "model": "numbers:item/number_bottom/plus_1/2"}}, {"threshold": 1064, "model": {"type": "model", "model": "numbers:item/number_bottom/plus_1/3"}}, {"threshold": 1065, "model": {"type": "model", "model": "numbers:item/number_bottom/plus_1/4"}}, {"threshold": 1066, "model": {"type": "model", "model": "numbers:item/number_bottom/plus_1/5"}}, {"threshold": 1067, "model": {"type": "model", "model": "numbers:item/number_bottom/plus_1/6"}}, {"threshold": 1068, "model": {"type": "model", "model": "numbers:item/number_bottom/plus_1/7"}}, {"threshold": 1069, "model": {"type": "model", "model": "numbers:item/number_bottom/plus_1/8"}}, {"threshold": 1070, "model": {"type": "model", "model": "numbers:item/number_bottom/plus_1/9"}}, {"threshold": 1071, "model": {"type": "model", "model": "numbers:item/number_bottom/plus_2/0"}}, {"threshold": 1072, "model": {"type": "model", "model": "numbers:item/number_bottom/plus_2/1"}}, {"threshold": 1073, "model": {"type": "model", "model": "numbers:item/number_bottom/plus_2/2"}}, {"threshold": 1074, "model": {"type": "model", "model": "numbers:item/number_bottom/plus_2/3"}}, {"threshold": 1075, "model": {"type": "model", "model": "numbers:item/number_bottom/plus_2/4"}}, {"threshold": 1076, "model": {"type": "model", "model": "numbers:item/number_bottom/plus_2/5"}}, {"threshold": 1077, "model": {"type": "model", "model": "numbers:item/number_bottom/plus_2/6"}}, {"threshold": 1078, "model": {"type": "model", "model": "numbers:item/number_bottom/plus_2/7"}}, {"threshold": 1079, "model": {"type": "model", "model": "numbers:item/number_bottom/plus_2/8"}}, {"threshold": 1080, "model": {"type": "model", "model": "numbers:item/number_bottom/plus_2/9"}}, {"threshold": 1081, "model": {"type": "model", "model": "numbers:item/number_bottom/plus_3/0"}}, {"threshold": 1082, "model": {"type": "model", "model": "numbers:item/number_bottom/plus_3/1"}}, {"threshold": 1083, "model": {"type": "model", "model": "numbers:item/number_bottom/plus_3/2"}}, {"threshold": 1084, "model": {"type": "model", "model": "numbers:item/number_bottom/plus_3/3"}}, {"threshold": 1085, "model": {"type": "model", "model": "numbers:item/number_bottom/plus_3/4"}}, {"threshold": 1086, "model": {"type": "model", "model": "numbers:item/number_bottom/plus_3/5"}}, {"threshold": 1087, "model": {"type": "model", "model": "numbers:item/number_bottom/plus_3/6"}}, {"threshold": 1088, "model": {"type": "model", "model": "numbers:item/number_bottom/plus_3/7"}}, {"threshold": 1089, "model": {"type": "model", "model": "numbers:item/number_bottom/plus_3/8"}}, {"threshold": 1090, "model": {"type": "model", "model": "numbers:item/number_bottom/plus_3/9"}}, {"threshold": 1091, "model": {"type": "model", "model": "numbers:item/number_bottom/plus_4/0"}}, {"threshold": 1092, "model": {"type": "model", "model": "numbers:item/number_bottom/plus_4/1"}}, {"threshold": 1093, "model": {"type": "model", "model": "numbers:item/number_bottom/plus_4/2"}}, {"threshold": 1094, "model": {"type": "model", "model": "numbers:item/number_bottom/plus_4/3"}}, {"threshold": 1095, "model": {"type": "model", "model": "numbers:item/number_bottom/plus_4/4"}}, {"threshold": 1096, "model": {"type": "model", "model": "numbers:item/number_bottom/plus_4/5"}}, {"threshold": 1097, "model": {"type": "model", "model": "numbers:item/number_bottom/plus_4/6"}}, {"threshold": 1098, "model": {"type": "model", "model": "numbers:item/number_bottom/plus_4/7"}}, {"threshold": 1099, "model": {"type": "model", "model": "numbers:item/number_bottom/plus_4/8"}}, {"threshold": 1100, "model": {"type": "model", "model": "numbers:item/number_bottom/plus_4/9"}}, {"threshold": 1101, "model": {"type": "model", "model": "numbers:item/number_bottom/plus_5/0"}}, {"threshold": 1102, "model": {"type": "model", "model": "numbers:item/number_bottom/plus_5/1"}}, {"threshold": 1103, "model": {"type": "model", "model": "numbers:item/number_bottom/plus_5/2"}}, {"threshold": 1104, "model": {"type": "model", "model": "numbers:item/number_bottom/plus_5/3"}}, {"threshold": 1105, "model": {"type": "model", "model": "numbers:item/number_bottom/plus_5/4"}}, {"threshold": 1106, "model": {"type": "model", "model": "numbers:item/number_bottom/plus_5/5"}}, {"threshold": 1107, "model": {"type": "model", "model": "numbers:item/number_bottom/plus_5/6"}}, {"threshold": 1108, "model": {"type": "model", "model": "numbers:item/number_bottom/plus_5/7"}}, {"threshold": 1109, "model": {"type": "model", "model": "numbers:item/number_bottom/plus_5/8"}}, {"threshold": 1110, "model": {"type": "model", "model": "numbers:item/number_bottom/plus_5/9"}}]}}