{"model": {"type": "range_dispatch", "property": "custom_model_data", "fallback": {"type": "model", "model": "minecraft:block/nether_quartz_ore"}, "entries": [{"threshold": 1, "model": {"type": "model", "model": "electricity:block/wire/bronze/000100"}}, {"threshold": 2, "model": {"type": "model", "model": "electricity:block/wire/bronze/000101"}}, {"threshold": 3, "model": {"type": "model", "model": "electricity:block/wire/bronze/000110"}}, {"threshold": 4, "model": {"type": "model", "model": "electricity:block/wire/bronze/000111"}}, {"threshold": 5, "model": {"type": "model", "model": "electricity:block/wire/bronze/001000"}}, {"threshold": 6, "model": {"type": "model", "model": "electricity:block/wire/bronze/001001"}}, {"threshold": 7, "model": {"type": "model", "model": "electricity:block/wire/bronze/001010"}}, {"threshold": 8, "model": {"type": "model", "model": "electricity:block/wire/bronze/001011"}}, {"threshold": 9, "model": {"type": "model", "model": "electricity:block/wire/bronze/001100"}}, {"threshold": 10, "model": {"type": "model", "model": "electricity:block/wire/bronze/001101"}}, {"threshold": 11, "model": {"type": "model", "model": "electricity:block/wire/bronze/001110"}}, {"threshold": 12, "model": {"type": "model", "model": "electricity:block/wire/bronze/001111"}}, {"threshold": 13, "model": {"type": "model", "model": "electricity:block/wire/bronze/010000"}}, {"threshold": 14, "model": {"type": "model", "model": "electricity:block/wire/bronze/010001"}}, {"threshold": 15, "model": {"type": "model", "model": "electricity:block/wire/bronze/010010"}}, {"threshold": 16, "model": {"type": "model", "model": "electricity:block/wire/bronze/010011"}}, {"threshold": 17, "model": {"type": "model", "model": "electricity:block/wire/bronze/010100"}}, {"threshold": 18, "model": {"type": "model", "model": "electricity:block/wire/bronze/010101"}}, {"threshold": 19, "model": {"type": "model", "model": "electricity:block/wire/bronze/010110"}}, {"threshold": 20, "model": {"type": "model", "model": "electricity:block/wire/bronze/010111"}}, {"threshold": 21, "model": {"type": "model", "model": "electricity:block/wire/bronze/011000"}}, {"threshold": 22, "model": {"type": "model", "model": "electricity:block/wire/bronze/011001"}}, {"threshold": 23, "model": {"type": "model", "model": "electricity:block/wire/bronze/011010"}}, {"threshold": 24, "model": {"type": "model", "model": "electricity:block/wire/bronze/011011"}}, {"threshold": 25, "model": {"type": "model", "model": "electricity:block/wire/bronze/011100"}}]}}