{"model": {"type": "range_dispatch", "property": "custom_model_data", "fallback": {"type": "model", "model": "minecraft:item/netherite_scrap"}, "entries": [{"threshold": 1000, "model": {"type": "model", "model": "mechsandtechs:block/destroy_stage/0"}}, {"threshold": 1001, "model": {"type": "model", "model": "mechsandtechs:block/destroy_stage/1"}}, {"threshold": 1002, "model": {"type": "model", "model": "mechsandtechs:block/destroy_stage/2"}}, {"threshold": 1003, "model": {"type": "model", "model": "mechsandtechs:block/destroy_stage/3"}}, {"threshold": 1004, "model": {"type": "model", "model": "mechsandtechs:block/destroy_stage/4"}}, {"threshold": 1005, "model": {"type": "model", "model": "mechsandtechs:block/destroy_stage/5"}}, {"threshold": 1006, "model": {"type": "model", "model": "mechsandtechs:block/destroy_stage/6"}}, {"threshold": 1007, "model": {"type": "model", "model": "mechsandtechs:block/destroy_stage/7"}}, {"threshold": 1008, "model": {"type": "model", "model": "mechsandtechs:block/destroy_stage/8"}}, {"threshold": 1009, "model": {"type": "model", "model": "mechsandtechs:block/destroy_stage/9"}}]}}