{"model": {"type": "range_dispatch", "property": "custom_model_data", "fallback": {"type": "model", "model": "minecraft:item/netherite_sword"}, "entries": [{"threshold": 200, "model": {"type": "model", "model": "electricity:item/tool/nano_saber"}}, {"threshold": 201, "model": {"type": "model", "model": "electricity:item/tool/nano_saber_on"}}, {"threshold": 1000100, "model": {"type": "model", "model": "customization:item/sword/sculk"}}, {"threshold": 1000101, "model": {"type": "model", "model": "customization:item/sword/amethyst"}}, {"threshold": 1000102, "model": {"type": "model", "model": "customization:item/sword/mossy"}}, {"threshold": 1001000, "model": {"type": "model", "model": "customization:item/nano_saber/yellow_laser_sword"}}, {"threshold": 1001001, "model": {"type": "model", "model": "customization:item/nano_saber/yellow_laser_sword_on"}}, {"threshold": 1001002, "model": {"type": "model", "model": "customization:item/nano_saber/blue_laser_sword"}}, {"threshold": 1001003, "model": {"type": "model", "model": "customization:item/nano_saber/blue_laser_sword_on"}}, {"threshold": 1001004, "model": {"type": "model", "model": "customization:item/nano_saber/red_laser_sword"}}, {"threshold": 1001005, "model": {"type": "model", "model": "customization:item/nano_saber/red_laser_sword_on"}}, {"threshold": 1001200, "model": {"type": "model", "model": "customization:item/nano_saber/cursed_saber"}}, {"threshold": 1001201, "model": {"type": "model", "model": "customization:item/nano_saber/cursed_saber_on"}}, {"threshold": 1001300, "model": {"type": "model", "model": "customization:item/nano_saber/steampunk_saber"}}, {"threshold": 1001301, "model": {"type": "model", "model": "customization:item/nano_saber/steampunk_saber_on"}}, {"threshold": 1001302, "model": {"type": "model", "model": "customization:item/nano_saber/uranium"}}, {"threshold": 1001303, "model": {"type": "model", "model": "customization:item/nano_saber/uranium_on"}}]}}