{"model": {"type": "range_dispatch", "property": "custom_model_data", "fallback": {"type": "model", "model": "minecraft:item/netherite_pickaxe"}, "entries": [{"threshold": 100, "model": {"type": "model", "model": "skyblock:item/hammer/netherite"}}, {"threshold": 200, "model": {"type": "model", "model": "electricity:item/tool/drill"}}, {"threshold": 210, "model": {"type": "model", "model": "electricity:item/tool/vajra"}}, {"threshold": 1000000, "model": {"type": "model", "model": "customization:item/pickaxe/evacuation_plan"}}, {"threshold": 1000001, "model": {"type": "model", "model": "customization:item/pickaxe/ice_breaker"}}, {"threshold": 1000100, "model": {"type": "model", "model": "customization:item/pickaxe/sculk"}}, {"threshold": 1000101, "model": {"type": "model", "model": "customization:item/pickaxe/amethyst"}}, {"threshold": 1000102, "model": {"type": "model", "model": "customization:item/pickaxe/mossy"}}, {"threshold": 1001000, "model": {"type": "model", "model": "customization:item/hammer/disconnector"}}, {"threshold": 1001100, "model": {"type": "model", "model": "customization:item/hammer/sculk"}}, {"threshold": 1001101, "model": {"type": "model", "model": "customization:item/hammer/amethyst"}}, {"threshold": 1001102, "model": {"type": "model", "model": "customization:item/hammer/mossy"}}, {"threshold": 1002000, "model": {"type": "model", "model": "customization:item/drill/jackhammer"}}, {"threshold": 1002001, "model": {"type": "model", "model": "customization:item/drill/diamond"}}, {"threshold": 1002100, "model": {"type": "model", "model": "customization:item/drill/sculk"}}, {"threshold": 1002101, "model": {"type": "model", "model": "customization:item/drill/amethyst"}}, {"threshold": 1002102, "model": {"type": "model", "model": "customization:item/drill/mossy"}}, {"threshold": 1002200, "model": {"type": "model", "model": "customization:item/drill/steampunk"}}, {"threshold": 1002201, "model": {"type": "model", "model": "customization:item/drill/uranium"}}, {"threshold": 1003200, "model": {"type": "model", "model": "customization:item/vajra/steampunk"}}, {"threshold": 1003201, "model": {"type": "model", "model": "customization:item/vajra/uranium"}}, {"threshold": 1003210, "model": {"type": "model", "model": "customization:item/vajra/prototype"}}]}}