{"model": {"type": "range_dispatch", "property": "custom_model_data", "fallback": {"type": "model", "model": "minecraft:block/polished_deepslate"}, "entries": [{"threshold": 1, "model": {"type": "model", "model": "electricity:block/transformer/2"}}, {"threshold": 2, "model": {"type": "model", "model": "electricity:block/transformer/3"}}, {"threshold": 3, "model": {"type": "model", "model": "electricity:block/transformer/4"}}, {"threshold": 4, "model": {"type": "model", "model": "electricity:block/transformer/5"}}, {"threshold": 5, "model": {"type": "model", "model": "electricity:block/matter/scanner"}}, {"threshold": 6, "model": {"type": "model", "model": "electricity:block/matter/scanner_on"}}, {"threshold": 7, "model": {"type": "model", "model": "electricity:block/matter/matter_generator"}}, {"threshold": 8, "model": {"type": "model", "model": "electricity:block/matter/matter_generator_on"}}, {"threshold": 9, "model": {"type": "model", "model": "electricity:block/matter/replicator"}}, {"threshold": 10, "model": {"type": "model", "model": "electricity:block/matter/replicator_on"}}, {"threshold": 11, "model": {"type": "model", "model": "electricity:block/indicator/in/side"}}, {"threshold": 12, "model": {"type": "model", "model": "electricity:block/indicator/in/up"}}, {"threshold": 13, "model": {"type": "model", "model": "electricity:block/indicator/in/down"}}, {"threshold": 14, "model": {"type": "model", "model": "electricity:block/indicator/out/side"}}, {"threshold": 15, "model": {"type": "model", "model": "electricity:block/indicator/out/up"}}, {"threshold": 16, "model": {"type": "model", "model": "electricity:block/indicator/out/down"}}, {"threshold": 17, "model": {"type": "model", "model": "electricity:block/indicator/disabled/side"}}, {"threshold": 18, "model": {"type": "model", "model": "electricity:block/indicator/disabled/up"}}, {"threshold": 19, "model": {"type": "model", "model": "electricity:block/indicator/disabled/down"}}, {"threshold": 20, "model": {"type": "model", "model": "electricity:block/windmill/rotor/wooden/0"}}, {"threshold": 21, "model": {"type": "model", "model": "electricity:block/windmill/rotor/wooden/1"}}, {"threshold": 22, "model": {"type": "model", "model": "electricity:block/windmill/rotor/wooden/2"}}, {"threshold": 23, "model": {"type": "model", "model": "electricity:block/windmill/rotor/wooden/3"}}, {"threshold": 24, "model": {"type": "model", "model": "electricity:block/windmill/rotor/iron/0"}}, {"threshold": 25, "model": {"type": "model", "model": "electricity:block/windmill/rotor/iron/1"}}]}}