{"model": {"type": "range_dispatch", "property": "custom_model_data", "fallback": {"type": "model", "model": "minecraft:block/polished_andesite"}, "entries": [{"threshold": 1, "model": {"type": "model", "model": "electricity:block/turbine/fluid"}}, {"threshold": 2, "model": {"type": "model", "model": "electricity:block/turbine/fluid_on"}}, {"threshold": 3, "model": {"type": "model", "model": "electricity:block/turbine/gas"}}, {"threshold": 4, "model": {"type": "model", "model": "electricity:block/turbine/gas_on"}}, {"threshold": 5, "model": {"type": "model", "model": "electricity:block/solar_panel/1"}}, {"threshold": 6, "model": {"type": "model", "model": "electricity:block/solar_panel/2"}}, {"threshold": 7, "model": {"type": "model", "model": "electricity:block/solar_panel/3"}}, {"threshold": 8, "model": {"type": "model", "model": "electricity:block/solar_panel/4"}}, {"threshold": 9, "model": {"type": "model", "model": "electricity:block/windmill/3"}}, {"threshold": 10, "model": {"type": "model", "model": "electricity:block/windmill/2"}}, {"threshold": 11, "model": {"type": "model", "model": "electricity:block/windmill/3"}}, {"threshold": 12, "model": {"type": "model", "model": "electricity:block/washing_machine/0"}}, {"threshold": 13, "model": {"type": "model", "model": "electricity:block/washing_machine/1"}}, {"threshold": 14, "model": {"type": "model", "model": "electricity:block/washing_machine/2"}}, {"threshold": 15, "model": {"type": "model", "model": "electricity:block/washing_machine/3"}}, {"threshold": 16, "model": {"type": "model", "model": "electricity:block/washing_machine/4"}}, {"threshold": 17, "model": {"type": "model", "model": "electricity:block/water_pump/0"}}, {"threshold": 18, "model": {"type": "model", "model": "electricity:block/water_pump/1"}}, {"threshold": 19, "model": {"type": "model", "model": "electricity:block/water_pump/2"}}, {"threshold": 20, "model": {"type": "model", "model": "electricity:block/water_pump/3"}}, {"threshold": 21, "model": {"type": "model", "model": "electricity:block/water_pump/4"}}, {"threshold": 22, "model": {"type": "model", "model": "electricity:block/furnace"}}, {"threshold": 23, "model": {"type": "model", "model": "electricity:block/furnace_on"}}, {"threshold": 24, "model": {"type": "model", "model": "electricity:block/pulverizer"}}, {"threshold": 25, "model": {"type": "model", "model": "electricity:block/pulverizer_on"}}]}}