{"model": {"type": "range_dispatch", "property": "custom_model_data", "fallback": {"type": "model", "model": "minecraft:block/rooted_dirt"}, "entries": [{"threshold": 1, "model": {"type": "model", "model": "electric_storage:block/crafting/storage_64k_off"}}, {"threshold": 2, "model": {"type": "model", "model": "electric_storage:block/crafting/storage_64k_on"}}, {"threshold": 3, "model": {"type": "model", "model": "electric_storage:block/crafting/monitor"}}, {"threshold": 4, "model": {"type": "model", "model": "electric_storage:block/crafting/monitor_off"}}, {"threshold": 5, "model": {"type": "model", "model": "electric_storage:block/crafting/monitor_on"}}, {"threshold": 6, "model": {"type": "model", "model": "electric_storage:block/interface"}}, {"threshold": 7, "model": {"type": "model", "model": "electric_storage:block/interface_on"}}, {"threshold": 8, "model": {"type": "model", "model": "electric_storage:block/dynamic_crafting_table"}}, {"threshold": 9, "model": {"type": "model", "model": "electric_storage:block/observer_bus"}}, {"threshold": 10, "model": {"type": "model", "model": "electric_storage:block/wireless_access_point"}}, {"threshold": 11, "model": {"type": "model", "model": "electric_storage:block/vending_machine"}}, {"threshold": 12, "model": {"type": "model", "model": "electric_storage:block/dynamic_crafting_table_inventory"}}, {"threshold": 13, "model": {"type": "model", "model": "quantum:block/generator"}}, {"threshold": 14, "model": {"type": "model", "model": "quantum:block/generator_on"}}, {"threshold": 15, "model": {"type": "model", "model": "quantum:block/ore_generator"}}, {"threshold": 16, "model": {"type": "model", "model": "quantum:block/ore_generator_on"}}, {"threshold": 17, "model": {"type": "model", "model": "quantum:block/quarry"}}, {"threshold": 18, "model": {"type": "model", "model": "quantum:block/quarry_on"}}, {"threshold": 19, "model": {"type": "model", "model": "quantum:block/matter_generator"}}, {"threshold": 20, "model": {"type": "model", "model": "quantum:block/matter_generator_on"}}, {"threshold": 21, "model": {"type": "model", "model": "quantum:block/pipe"}}, {"threshold": 22, "model": {"type": "model", "model": "quantum:block/pipe_on"}}, {"threshold": 23, "model": {"type": "model", "model": "quantum:block/hopper"}}, {"threshold": 24, "model": {"type": "model", "model": "quantum:block/hopper_on"}}, {"threshold": 25, "model": {"type": "model", "model": "quantum:block/hopper_on"}}]}}