{"model": {"type": "range_dispatch", "property": "custom_model_data", "fallback": {"type": "model", "model": "minecraft:block/spruce_planks"}, "entries": [{"threshold": 1, "model": {"type": "model", "model": "pipes:block/bronze/item/100110"}}, {"threshold": 2, "model": {"type": "model", "model": "pipes:block/bronze/item/100111"}}, {"threshold": 3, "model": {"type": "model", "model": "pipes:block/bronze/item/101000"}}, {"threshold": 4, "model": {"type": "model", "model": "pipes:block/bronze/item/101001"}}, {"threshold": 5, "model": {"type": "model", "model": "pipes:block/bronze/item/101010"}}, {"threshold": 6, "model": {"type": "model", "model": "pipes:block/bronze/item/101011"}}, {"threshold": 7, "model": {"type": "model", "model": "pipes:block/bronze/item/101100"}}, {"threshold": 8, "model": {"type": "model", "model": "pipes:block/bronze/item/101101"}}, {"threshold": 9, "model": {"type": "model", "model": "pipes:block/bronze/item/101110"}}, {"threshold": 10, "model": {"type": "model", "model": "pipes:block/bronze/item/101111"}}, {"threshold": 11, "model": {"type": "model", "model": "pipes:block/bronze/item/110000"}}, {"threshold": 12, "model": {"type": "model", "model": "pipes:block/bronze/item/110001"}}, {"threshold": 13, "model": {"type": "model", "model": "pipes:block/bronze/item/110010"}}, {"threshold": 14, "model": {"type": "model", "model": "pipes:block/bronze/item/110011"}}, {"threshold": 15, "model": {"type": "model", "model": "pipes:block/bronze/item/110100"}}, {"threshold": 16, "model": {"type": "model", "model": "pipes:block/bronze/item/110101"}}, {"threshold": 17, "model": {"type": "model", "model": "pipes:block/bronze/item/110110"}}, {"threshold": 18, "model": {"type": "model", "model": "pipes:block/bronze/item/110111"}}, {"threshold": 19, "model": {"type": "model", "model": "pipes:block/bronze/item/111000"}}, {"threshold": 20, "model": {"type": "model", "model": "pipes:block/bronze/item/111001"}}, {"threshold": 21, "model": {"type": "model", "model": "pipes:block/bronze/item/111010"}}, {"threshold": 22, "model": {"type": "model", "model": "pipes:block/bronze/item/111011"}}, {"threshold": 23, "model": {"type": "model", "model": "pipes:block/bronze/item/111100"}}, {"threshold": 24, "model": {"type": "model", "model": "pipes:block/bronze/item/111101"}}, {"threshold": 25, "model": {"type": "model", "model": "pipes:block/bronze/item/111110"}}]}}