{"model": {"type": "range_dispatch", "property": "custom_model_data", "fallback": {"type": "model", "model": "minecraft:block/tuff"}, "entries": [{"threshold": 1, "model": {"type": "model", "model": "electricity:block/blast_furnace/coil/lead"}}, {"threshold": 2, "model": {"type": "model", "model": "electricity:block/blast_furnace/coil/lead_full"}}, {"threshold": 3, "model": {"type": "model", "model": "electricity:block/blast_furnace/coil/lead_full_on"}}, {"threshold": 4, "model": {"type": "model", "model": "electricity:block/blast_furnace/coil/cupronickel"}}, {"threshold": 5, "model": {"type": "model", "model": "electricity:block/blast_furnace/coil/cupronickel_full"}}, {"threshold": 6, "model": {"type": "model", "model": "electricity:block/blast_furnace/coil/cupronickel_full_on"}}, {"threshold": 7, "model": {"type": "model", "model": "electricity:block/blast_furnace/coil/kanthal"}}, {"threshold": 8, "model": {"type": "model", "model": "electricity:block/blast_furnace/coil/kanthal_full"}}, {"threshold": 9, "model": {"type": "model", "model": "electricity:block/blast_furnace/coil/kanthal_full_on"}}, {"threshold": 10, "model": {"type": "model", "model": "electricity:block/blast_furnace/coil/niobium"}}, {"threshold": 11, "model": {"type": "model", "model": "electricity:block/blast_furnace/coil/niobium_full"}}, {"threshold": 12, "model": {"type": "model", "model": "electricity:block/blast_furnace/coil/niobium_full_on"}}, {"threshold": 13, "model": {"type": "model", "model": "electricity:block/clean_room/controller"}}, {"threshold": 14, "model": {"type": "model", "model": "electricity:block/clean_room/controller_on"}}, {"threshold": 15, "model": {"type": "model", "model": "electricity:block/clean_room/casing"}}, {"threshold": 16, "model": {"type": "model", "model": "electricity:block/clean_room/glass"}}, {"threshold": 17, "model": {"type": "model", "model": "electricity:block/clean_room/power_unit"}}, {"threshold": 18, "model": {"type": "model", "model": "electricity:block/clean_room/filter"}}, {"threshold": 19, "model": {"type": "model", "model": "electricity:block/clean_room/diode/1"}}, {"threshold": 20, "model": {"type": "model", "model": "electricity:block/clean_room/diode/2"}}, {"threshold": 21, "model": {"type": "model", "model": "electricity:block/clean_room/diode/3"}}, {"threshold": 22, "model": {"type": "model", "model": "electricity:block/clean_room/electric_storage_bus"}}, {"threshold": 23, "model": {"type": "model", "model": "electricity:block/scrubber/controller"}}, {"threshold": 24, "model": {"type": "model", "model": "electricity:block/scrubber/controller_on"}}, {"threshold": 25, "model": {"type": "model", "model": "electricity:block/scrubber/casing"}}]}}