{"model": {"type": "range_dispatch", "property": "custom_model_data", "fallback": {"type": "model", "model": "minecraft:block/weathered_cut_copper"}, "entries": [{"threshold": 1, "model": {"type": "model", "model": "electricity:block/stabilizing_room/casing_connecting/111010"}}, {"threshold": 2, "model": {"type": "model", "model": "electricity:block/stabilizing_room/casing_connecting/111011"}}, {"threshold": 3, "model": {"type": "model", "model": "electricity:block/stabilizing_room/casing_connecting/111100"}}, {"threshold": 4, "model": {"type": "model", "model": "electricity:block/stabilizing_room/casing_connecting/111101"}}, {"threshold": 5, "model": {"type": "model", "model": "electricity:block/stabilizing_room/casing_connecting/111110"}}, {"threshold": 6, "model": {"type": "model", "model": "electricity:block/stabilizing_room/casing_connecting/111111"}}, {"threshold": 7, "model": {"type": "model", "model": "july1:block/2024/yandex_courier_station"}}, {"threshold": 8, "model": {"type": "model", "model": "minecraft:item/source/barrier"}}]}}