{"model": {"type": "range_dispatch", "property": "custom_model_data", "fallback": {"type": "model", "model": "minecraft:block/weathered_cut_copper"}, "entries": [{"threshold": 1, "model": {"type": "model", "model": "electricity:block/wire/niobium/inventory"}}, {"threshold": 2, "model": {"type": "model", "model": "electric_storage:block/cable/pure/inventory"}}, {"threshold": 3, "model": {"type": "model", "model": "electric_storage:block/buses/import/north"}}, {"threshold": 4, "model": {"type": "model", "model": "electric_storage:block/buses/import/east"}}, {"threshold": 5, "model": {"type": "model", "model": "electric_storage:block/buses/import/south"}}, {"threshold": 6, "model": {"type": "model", "model": "electric_storage:block/buses/import/west"}}, {"threshold": 7, "model": {"type": "model", "model": "electric_storage:block/buses/import/up"}}, {"threshold": 8, "model": {"type": "model", "model": "electric_storage:block/buses/import/down"}}, {"threshold": 9, "model": {"type": "model", "model": "electric_storage:block/buses/export/north"}}, {"threshold": 10, "model": {"type": "model", "model": "electric_storage:block/buses/export/east"}}, {"threshold": 11, "model": {"type": "model", "model": "electric_storage:block/buses/export/south"}}, {"threshold": 12, "model": {"type": "model", "model": "electric_storage:block/buses/export/west"}}, {"threshold": 13, "model": {"type": "model", "model": "electric_storage:block/buses/export/up"}}, {"threshold": 14, "model": {"type": "model", "model": "electric_storage:block/buses/export/down"}}, {"threshold": 15, "model": {"type": "model", "model": "technologies:block/technology_table/general"}}, {"threshold": 16, "model": {"type": "model", "model": "technologies:block/technology_table/skyblock"}}, {"threshold": 17, "model": {"type": "model", "model": "technologies:block/technology_table/electricity"}}, {"threshold": 18, "model": {"type": "model", "model": "technologies:block/technology_table/bees"}}, {"threshold": 19, "model": {"type": "model", "model": "technologies:block/technology_table/pipes"}}, {"threshold": 20, "model": {"type": "model", "model": "technologies:block/technology_table/steam"}}, {"threshold": 21, "model": {"type": "model", "model": "technologies:block/technology_table/electric_storage"}}, {"threshold": 22, "model": {"type": "model", "model": "technologies:block/technology_table/quantum"}}, {"threshold": 23, "model": {"type": "model", "model": "steam:block/boiler/glass_connecting/000000"}}, {"threshold": 24, "model": {"type": "model", "model": "steam:block/boiler/glass_connecting/000001"}}, {"threshold": 25, "model": {"type": "model", "model": "steam:block/boiler/glass_connecting/000010"}}]}}