{"model": {"type": "range_dispatch", "property": "custom_model_data", "fallback": {"type": "model", "model": "minecraft:block/weathered_cut_copper_slab"}, "entries": [{"threshold": 1, "model": {"type": "model", "model": "electricity:block/clean_room/glass_connecting/110010"}}, {"threshold": 2, "model": {"type": "model", "model": "electricity:block/clean_room/glass_connecting/110011"}}, {"threshold": 3, "model": {"type": "model", "model": "electricity:block/clean_room/glass_connecting/110100"}}, {"threshold": 4, "model": {"type": "model", "model": "electricity:block/clean_room/glass_connecting/110101"}}, {"threshold": 5, "model": {"type": "model", "model": "electricity:block/clean_room/glass_connecting/110110"}}, {"threshold": 6, "model": {"type": "model", "model": "electricity:block/clean_room/glass_connecting/110111"}}, {"threshold": 7, "model": {"type": "model", "model": "electricity:block/clean_room/glass_connecting/111000"}}, {"threshold": 8, "model": {"type": "model", "model": "electricity:block/clean_room/glass_connecting/111001"}}, {"threshold": 9, "model": {"type": "model", "model": "electricity:block/clean_room/glass_connecting/111010"}}, {"threshold": 10, "model": {"type": "model", "model": "electricity:block/clean_room/glass_connecting/111011"}}, {"threshold": 11, "model": {"type": "model", "model": "electricity:block/clean_room/glass_connecting/111100"}}, {"threshold": 12, "model": {"type": "model", "model": "electricity:block/clean_room/glass_connecting/111101"}}, {"threshold": 13, "model": {"type": "model", "model": "electricity:block/clean_room/glass_connecting/111110"}}, {"threshold": 14, "model": {"type": "model", "model": "electricity:block/clean_room/glass_connecting/111111"}}, {"threshold": 15, "model": {"type": "model", "model": "electricity:block/clean_room/casing_connecting/000000"}}, {"threshold": 16, "model": {"type": "model", "model": "electricity:block/clean_room/casing_connecting/000001"}}, {"threshold": 17, "model": {"type": "model", "model": "electricity:block/clean_room/casing_connecting/000010"}}, {"threshold": 18, "model": {"type": "model", "model": "electricity:block/clean_room/casing_connecting/000011"}}, {"threshold": 19, "model": {"type": "model", "model": "electricity:block/clean_room/casing_connecting/000100"}}, {"threshold": 20, "model": {"type": "model", "model": "electricity:block/clean_room/casing_connecting/000101"}}, {"threshold": 21, "model": {"type": "model", "model": "electricity:block/clean_room/casing_connecting/000110"}}, {"threshold": 22, "model": {"type": "model", "model": "electricity:block/clean_room/casing_connecting/000111"}}, {"threshold": 23, "model": {"type": "model", "model": "electricity:block/clean_room/casing_connecting/001000"}}, {"threshold": 24, "model": {"type": "model", "model": "electricity:block/clean_room/casing_connecting/001001"}}, {"threshold": 25, "model": {"type": "model", "model": "electricity:block/clean_room/casing_connecting/001010"}}]}}