{"model": {"type": "range_dispatch", "property": "custom_model_data", "fallback": {"type": "model", "model": "minecraft:item/wooden_hoe"}, "entries": [{"threshold": 1, "model": {"type": "model", "model": "mechsandtechs:item/wrench"}}, {"threshold": 2, "model": {"type": "model", "model": "mechsandtechs:item/advanced_wrench"}}, {"threshold": 100, "model": {"type": "model", "model": "general:item/nippers"}}, {"threshold": 200, "model": {"type": "model", "model": "electricity:item/multimeter"}}, {"threshold": 201, "model": {"type": "model", "model": "electricity:item/wind_meter"}}, {"threshold": 210, "model": {"type": "model", "model": "electricity:item/reactor/cooling_rod_10k"}}, {"threshold": 211, "model": {"type": "model", "model": "electricity:item/reactor/cooling_rod_30k"}}, {"threshold": 212, "model": {"type": "model", "model": "electricity:item/reactor/cooling_rod_60k"}}, {"threshold": 220, "model": {"type": "model", "model": "electricity:item/reactor/heat_exchanger"}}, {"threshold": 221, "model": {"type": "model", "model": "electricity:item/reactor/advanced_heat_exchanger"}}, {"threshold": 222, "model": {"type": "model", "model": "electricity:item/reactor/component_heat_exchanger"}}, {"threshold": 230, "model": {"type": "model", "model": "electricity:item/reactor/heat_vent"}}, {"threshold": 231, "model": {"type": "model", "model": "electricity:item/reactor/advanced_heat_vent"}}, {"threshold": 232, "model": {"type": "model", "model": "electricity:item/reactor/component_heat_vent"}}, {"threshold": 233, "model": {"type": "model", "model": "electricity:item/reactor/reactor_heat_vent"}}, {"threshold": 234, "model": {"type": "model", "model": "electricity:item/reactor/overclock_heat_vent"}}, {"threshold": 240, "model": {"type": "model", "model": "electricity:item/reactor/fuel/uranium/1"}}, {"threshold": 241, "model": {"type": "model", "model": "electricity:item/reactor/fuel/uranium/2"}}, {"threshold": 242, "model": {"type": "model", "model": "electricity:item/reactor/fuel/uranium/4"}}, {"threshold": 243, "model": {"type": "model", "model": "electricity:item/reactor/fuel/mox/1"}}, {"threshold": 244, "model": {"type": "model", "model": "electricity:item/reactor/fuel/mox/2"}}, {"threshold": 245, "model": {"type": "model", "model": "electricity:item/reactor/fuel/mox/4"}}, {"threshold": 260, "model": {"type": "model", "model": "electricity:item/singular/reactor/cooling_rod_10k"}}, {"threshold": 261, "model": {"type": "model", "model": "electricity:item/singular/reactor/cooling_rod_30k"}}, {"threshold": 262, "model": {"type": "model", "model": "electricity:item/singular/reactor/cooling_rod_60k"}}, {"threshold": 270, "model": {"type": "model", "model": "electricity:item/singular/reactor/heat_exchanger"}}, {"threshold": 271, "model": {"type": "model", "model": "electricity:item/singular/reactor/advanced_heat_exchanger"}}, {"threshold": 280, "model": {"type": "model", "model": "electricity:item/singular/reactor/heat_vent"}}, {"threshold": 281, "model": {"type": "model", "model": "electricity:item/singular/reactor/advanced_heat_vent"}}, {"threshold": 300, "model": {"type": "model", "model": "bees:item/scoop"}}]}}